case,iteration,status,volume,volume_pct_of_V0,faces,edges,duration_sec,dir
axisx_theta1,1,failed,0,0,0,0,5.54,output_step/iterations/axisx_theta1/it001_failed
axisx_theta2,1,failed,0,0,0,0,1.59,output_step/iterations/axisx_theta2/it001_failed
axisx_theta5,1,failed,0,0,0,0,4.76,output_step/iterations/axisx_theta5/it001_failed
axisx_theta15,1,success,0.07532248222,0.0010821,34,144,0.0131,output_step/iterations/axisx_theta15/it001_success
axisx_theta45,1,success,507.3067348,7.28808,94,495,0.0213,output_step/iterations/axisx_theta45/it001_success
axisx_theta45,2,success,216.6689036,3.11271,108,496,0.0115,output_step/iterations/axisx_theta45/it002_success
axisx_theta45,3,success,183.4464642,2.63543,244,1088,0.0209,output_step/iterations/axisx_theta45/it003_success
axisx_theta45,4,success,171.6127292,2.46543,850,3608,0.0602,output_step/iterations/axisx_theta45/it004_success
axisx_theta45,5,success,162.5795801,2.33565,2424,10040,0.177,output_step/iterations/axisx_theta45/it005_success
axisx_theta45,6,success,162.4306521,2.33351,9448,38464,0.72,output_step/iterations/axisx_theta45/it006_success
axisx_theta90,1,success,333.1478896,4.78607,72,376,0.0122,output_step/iterations/axisx_theta90/it001_success
axisx_theta90,2,success,240.0571339,3.44871,148,712,0.0171,output_step/iterations/axisx_theta90/it002_success
axisx_theta90,3,success,240.0483983,3.44859,148,716,0.017,output_step/iterations/axisx_theta90/it003_success
axisx_theta90,4,success,218.9798582,3.14591,416,1768,0.0324,output_step/iterations/axisx_theta90/it004_success
axisx_theta90,5,success,218.9798649,3.14591,428,1808,0.0342,output_step/iterations/axisx_theta90/it005_success
axisx_theta90,6,success,218.9798644,3.14591,428,1808,0.033,output_step/iterations/axisx_theta90/it006_success
axisx_theta90,7,success,218.9798644,3.14591,428,1808,0.0343,output_step/iterations/axisx_theta90/it007_success
axisx_theta90,8,success,218.9798644,3.14591,428,1808,0.0335,output_step/iterations/axisx_theta90/it008_success
axisx_theta90,9,success,218.9798644,3.14591,428,1808,0.0339,output_step/iterations/axisx_theta90/it009_success
axisx_theta90,10,success,218.9798644,3.14591,428,1808,0.0333,output_step/iterations/axisx_theta90/it010_success
axisx_theta90,11,success,218.9798644,3.14591,428,1808,0.0337,output_step/iterations/axisx_theta90/it011_success
axisx_theta90,12,success,218.9798644,3.14591,428,1808,0.0343,output_step/iterations/axisx_theta90/it012_success
axisx_theta90,13,success,218.9798644,3.14591,428,1808,0.0335,output_step/iterations/axisx_theta90/it013_success
axisx_theta90,14,success,218.9798644,3.14591,428,1808,0.0355,output_step/iterations/axisx_theta90/it014_success
axisx_theta90,15,success,218.9798644,3.14591,428,1808,0.0334,output_step/iterations/axisx_theta90/it015_success
axisx_theta90,16,success,218.9798644,3.14591,428,1808,0.0333,output_step/iterations/axisx_theta90/it016_success
axisx_theta90,17,success,218.9798644,3.14591,428,1808,0.0333,output_step/iterations/axisx_theta90/it017_success
axisx_theta90,18,success,218.9798644,3.14591,428,1808,0.0341,output_step/iterations/axisx_theta90/it018_success
axisx_theta90,19,success,218.9798644,3.14591,428,1808,0.0339,output_step/iterations/axisx_theta90/it019_success
axisx_theta90,20,success,218.9798644,3.14591,428,1808,0.0336,output_step/iterations/axisx_theta90/it020_success
axisx_theta90,21,success,218.9798644,3.14591,428,1808,0.0343,output_step/iterations/axisx_theta90/it021_success
axisx_theta90,22,success,218.9798644,3.14591,428,1808,0.0334,output_step/iterations/axisx_theta90/it022_success
axisx_theta90,23,success,218.9798644,3.14591,428,1808,0.0345,output_step/iterations/axisx_theta90/it023_success
axisx_theta90,24,success,218.9798644,3.14591,428,1808,0.0336,output_step/iterations/axisx_theta90/it024_success
axisx_theta90,25,success,218.9798644,3.14591,428,1808,0.0344,output_step/iterations/axisx_theta90/it025_success
axisx_theta90,26,success,218.9798644,3.14591,428,1808,0.0335,output_step/iterations/axisx_theta90/it026_success
axisx_theta90,27,success,218.9798644,3.14591,428,1808,0.0344,output_step/iterations/axisx_theta90/it027_success
axisx_theta90,28,success,218.9798644,3.14591,428,1808,0.0341,output_step/iterations/axisx_theta90/it028_success
axisx_theta90,29,success,218.9798644,3.14591,428,1808,0.0339,output_step/iterations/axisx_theta90/it029_success
axisx_theta90,30,success,218.9798644,3.14591,428,1808,0.0336,output_step/iterations/axisx_theta90/it030_success
axisx_theta90,31,success,218.9798644,3.14591,428,1808,0.0343,output_step/iterations/axisx_theta90/it031_success
axisx_theta90,32,success,218.9798644,3.14591,428,1808,0.0336,output_step/iterations/axisx_theta90/it032_success
axisx_theta90,33,success,218.9798644,3.14591,428,1808,0.0342,output_step/iterations/axisx_theta90/it033_success
axisx_theta90,34,success,218.9798644,3.14591,428,1808,0.0334,output_step/iterations/axisx_theta90/it034_success
axisx_theta90,35,success,218.9798644,3.14591,428,1808,0.0348,output_step/iterations/axisx_theta90/it035_success
axisx_theta90,36,success,218.9798644,3.14591,428,1808,0.0336,output_step/iterations/axisx_theta90/it036_success
axisx_theta90,37,success,218.9798644,3.14591,428,1808,0.0341,output_step/iterations/axisx_theta90/it037_success
axisx_theta90,38,success,218.9798644,3.14591,428,1808,0.0345,output_step/iterations/axisx_theta90/it038_success
axisx_theta90,39,success,218.9798644,3.14591,428,1808,0.0336,output_step/iterations/axisx_theta90/it039_success
axisx_theta90,40,success,218.9798644,3.14591,428,1808,0.0345,output_step/iterations/axisx_theta90/it040_success
axisx_theta90,41,success,218.9798644,3.14591,428,1808,0.0336,output_step/iterations/axisx_theta90/it041_success
axisx_theta90,42,success,218.9798644,3.14591,428,1808,0.0337,output_step/iterations/axisx_theta90/it042_success
axisx_theta90,43,success,218.9798644,3.14591,428,1808,0.0341,output_step/iterations/axisx_theta90/it043_success
axisx_theta90,44,success,218.9798644,3.14591,428,1808,0.0348,output_step/iterations/axisx_theta90/it044_success
axisx_theta90,45,success,218.9798644,3.14591,428,1808,0.0343,output_step/iterations/axisx_theta90/it045_success
axisx_theta90,46,success,218.9798644,3.14591,428,1808,0.034,output_step/iterations/axisx_theta90/it046_success
axisx_theta90,47,success,218.9798644,3.14591,428,1808,0.0348,output_step/iterations/axisx_theta90/it047_success
axisx_theta90,48,success,218.9798644,3.14591,428,1808,0.034,output_step/iterations/axisx_theta90/it048_success
axisx_theta90,49,success,218.9798644,3.14591,428,1808,0.0338,output_step/iterations/axisx_theta90/it049_success
axisx_theta90,50,success,218.9798644,3.14591,428,1808,0.0339,output_step/iterations/axisx_theta90/it050_success
axisx_theta90,51,success,218.9798644,3.14591,428,1808,0.0346,output_step/iterations/axisx_theta90/it051_success
axisx_theta90,52,success,218.9798644,3.14591,428,1808,0.0338,output_step/iterations/axisx_theta90/it052_success
axisx_theta90,53,success,218.9798644,3.14591,428,1808,0.0347,output_step/iterations/axisx_theta90/it053_success
axisx_theta90,54,success,218.9798644,3.14591,428,1808,0.0338,output_step/iterations/axisx_theta90/it054_success
axisx_theta90,55,success,218.9798644,3.14591,428,1808,0.0346,output_step/iterations/axisx_theta90/it055_success
axisx_theta90,56,success,218.9798644,3.14591,428,1808,0.0337,output_step/iterations/axisx_theta90/it056_success
axisx_theta90,57,success,218.9798644,3.14591,428,1808,0.0346,output_step/iterations/axisx_theta90/it057_success
axisx_theta90,58,success,218.9798644,3.14591,428,1808,0.0338,output_step/iterations/axisx_theta90/it058_success
axisx_theta90,59,success,218.9798644,3.14591,428,1808,0.0337,output_step/iterations/axisx_theta90/it059_success
axisx_theta90,60,success,218.9798644,3.14591,428,1808,0.0343,output_step/iterations/axisx_theta90/it060_success
axisx_theta90,61,success,218.9798644,3.14591,428,1808,0.0332,output_step/iterations/axisx_theta90/it061_success
axisx_theta90,62,success,218.9798644,3.14591,428,1808,0.0337,output_step/iterations/axisx_theta90/it062_success
axisx_theta90,63,success,218.9798644,3.14591,428,1808,0.0347,output_step/iterations/axisx_theta90/it063_success
axisx_theta90,64,success,218.9798644,3.14591,428,1808,0.0351,output_step/iterations/axisx_theta90/it064_success
axisx_theta90,65,success,218.9798644,3.14591,428,1808,0.0342,output_step/iterations/axisx_theta90/it065_success
axisx_theta90,66,success,218.9798644,3.14591,428,1808,0.0338,output_step/iterations/axisx_theta90/it066_success
axisx_theta90,67,success,218.9798644,3.14591,428,1808,0.034,output_step/iterations/axisx_theta90/it067_success
axisx_theta90,68,success,218.9798644,3.14591,428,1808,0.0338,output_step/iterations/axisx_theta90/it068_success
axisx_theta90,69,success,218.9798644,3.14591,428,1808,0.0338,output_step/iterations/axisx_theta90/it069_success
axisx_theta90,70,success,218.9798644,3.14591,428,1808,0.0349,output_step/iterations/axisx_theta90/it070_success
axisx_theta90,71,success,218.9798644,3.14591,428,1808,0.0336,output_step/iterations/axisx_theta90/it071_success
axisx_theta90,72,success,218.9798644,3.14591,428,1808,0.0342,output_step/iterations/axisx_theta90/it072_success
axisx_theta90,73,success,218.9798644,3.14591,428,1808,0.034,output_step/iterations/axisx_theta90/it073_success
axisx_theta90,74,success,218.9798644,3.14591,428,1808,0.0341,output_step/iterations/axisx_theta90/it074_success
axisx_theta90,75,success,218.9798644,3.14591,428,1808,0.0342,output_step/iterations/axisx_theta90/it075_success
axisx_theta90,76,success,218.9798644,3.14591,428,1808,0.0342,output_step/iterations/axisx_theta90/it076_success
axisx_theta90,77,success,218.9798644,3.14591,428,1808,0.0338,output_step/iterations/axisx_theta90/it077_success
axisx_theta90,78,success,218.9798644,3.14591,428,1808,0.0346,output_step/iterations/axisx_theta90/it078_success
axisx_theta90,79,success,218.9798644,3.14591,428,1808,0.0339,output_step/iterations/axisx_theta90/it079_success
axisx_theta90,80,success,218.9798644,3.14591,428,1808,0.0346,output_step/iterations/axisx_theta90/it080_success
axisx_theta90,81,success,218.9798644,3.14591,428,1808,0.0339,output_step/iterations/axisx_theta90/it081_success
axisx_theta90,82,success,218.9798644,3.14591,428,1808,0.0337,output_step/iterations/axisx_theta90/it082_success
axisx_theta90,83,success,218.9798644,3.14591,428,1808,0.0339,output_step/iterations/axisx_theta90/it083_success
axisx_theta90,84,success,218.9798644,3.14591,428,1808,0.0337,output_step/iterations/axisx_theta90/it084_success
axisx_theta90,85,success,218.9798644,3.14591,428,1808,0.0348,output_step/iterations/axisx_theta90/it085_success
axisx_theta90,86,success,218.9798644,3.14591,428,1808,0.0337,output_step/iterations/axisx_theta90/it086_success
axisx_theta90,87,success,218.9798644,3.14591,428,1808,0.0338,output_step/iterations/axisx_theta90/it087_success
axisx_theta90,88,success,218.9798644,3.14591,428,1808,0.0343,output_step/iterations/axisx_theta90/it088_success
axisx_theta90,89,success,218.9798644,3.14591,428,1808,0.0342,output_step/iterations/axisx_theta90/it089_success
axisx_theta90,90,success,218.9798644,3.14591,428,1808,0.0348,output_step/iterations/axisx_theta90/it090_success
axisx_theta90,91,success,218.9798644,3.14591,428,1808,0.034,output_step/iterations/axisx_theta90/it091_success
axisx_theta90,92,success,218.9798644,3.14591,428,1808,0.0339,output_step/iterations/axisx_theta90/it092_success
axisx_theta90,93,success,218.9798644,3.14591,428,1808,0.0342,output_step/iterations/axisx_theta90/it093_success
axisx_theta90,94,success,218.9798644,3.14591,428,1808,0.0335,output_step/iterations/axisx_theta90/it094_success
axisx_theta90,95,success,218.9798644,3.14591,428,1808,0.0337,output_step/iterations/axisx_theta90/it095_success
axisx_theta90,96,success,218.9798644,3.14591,428,1808,0.0342,output_step/iterations/axisx_theta90/it096_success
axisx_theta90,97,success,218.9798644,3.14591,428,1808,0.0335,output_step/iterations/axisx_theta90/it097_success
axisx_theta90,98,success,218.9798644,3.14591,428,1808,0.0341,output_step/iterations/axisx_theta90/it098_success
axisx_theta90,99,success,218.9798644,3.14591,428,1808,0.0349,output_step/iterations/axisx_theta90/it099_success
axisx_theta90,100,success,218.9798644,3.14591,428,1808,0.0339,output_step/iterations/axisx_theta90/it100_success
axisx_theta90,101,success,218.9798644,3.14591,428,1808,0.0345,output_step/iterations/axisx_theta90/it101_success
axisx_theta90,102,success,218.9798644,3.14591,428,1808,0.034,output_step/iterations/axisx_theta90/it102_success
axisx_theta90,103,success,218.9798644,3.14591,428,1808,0.034,output_step/iterations/axisx_theta90/it103_success
axisx_theta90,104,success,218.9798644,3.14591,428,1808,0.0346,output_step/iterations/axisx_theta90/it104_success
axisx_theta90,105,success,218.9798644,3.14591,428,1808,0.0344,output_step/iterations/axisx_theta90/it105_success
axisx_theta90,106,success,218.9798644,3.14591,428,1808,0.0347,output_step/iterations/axisx_theta90/it106_success
axisx_theta90,107,success,218.9798644,3.14591,428,1808,0.0344,output_step/iterations/axisx_theta90/it107_success
axisx_theta90,108,success,218.9798644,3.14591,428,1808,0.034,output_step/iterations/axisx_theta90/it108_success
axisx_theta90,109,success,218.9798644,3.14591,428,1808,0.0339,output_step/iterations/axisx_theta90/it109_success
axisx_theta90,110,success,218.9798644,3.14591,428,1808,0.034,output_step/iterations/axisx_theta90/it110_success
axisx_theta90,111,success,218.9798644,3.14591,428,1808,0.0338,output_step/iterations/axisx_theta90/it111_success
axisx_theta90,112,success,218.9798644,3.14591,428,1808,0.0343,output_step/iterations/axisx_theta90/it112_success
axisx_theta90,113,success,218.9798644,3.14591,428,1808,0.0348,output_step/iterations/axisx_theta90/it113_success
axisx_theta90,114,success,218.9798644,3.14591,428,1808,0.0345,output_step/iterations/axisx_theta90/it114_success
axisx_theta90,115,success,218.9798644,3.14591,428,1808,0.0349,output_step/iterations/axisx_theta90/it115_success
axisx_theta90,116,success,218.9798644,3.14591,428,1808,0.0341,output_step/iterations/axisx_theta90/it116_success
axisx_theta90,117,success,218.9798644,3.14591,428,1808,0.0336,output_step/iterations/axisx_theta90/it117_success
axisx_theta90,118,success,218.9798644,3.14591,428,1808,0.0339,output_step/iterations/axisx_theta90/it118_success
axisx_theta90,119,success,218.9798644,3.14591,428,1808,0.034,output_step/iterations/axisx_theta90/it119_success
axisx_theta90,120,success,218.9798644,3.14591,428,1808,0.0338,output_step/iterations/axisx_theta90/it120_success
axisx_theta90,121,success,218.9798644,3.14591,428,1808,0.0349,output_step/iterations/axisx_theta90/it121_success
axisx_theta90,122,success,218.9798644,3.14591,428,1808,0.0345,output_step/iterations/axisx_theta90/it122_success
axisx_theta90,123,success,218.9798644,3.14591,428,1808,0.0346,output_step/iterations/axisx_theta90/it123_success
axisx_theta90,124,success,218.9798644,3.14591,428,1808,0.0342,output_step/iterations/axisx_theta90/it124_success
axisx_theta90,125,success,218.9798644,3.14591,428,1808,0.034,output_step/iterations/axisx_theta90/it125_success
axisx_theta90,126,success,218.9798644,3.14591,428,1808,0.0343,output_step/iterations/axisx_theta90/it126_success
axisx_theta90,127,success,218.9798644,3.14591,428,1808,0.0342,output_step/iterations/axisx_theta90/it127_success
axisx_theta90,128,success,218.9798644,3.14591,428,1808,0.0352,output_step/iterations/axisx_theta90/it128_success
axisx_theta90,129,success,218.9798644,3.14591,428,1808,0.0344,output_step/iterations/axisx_theta90/it129_success
axisx_theta90,130,success,218.9798644,3.14591,428,1808,0.0352,output_step/iterations/axisx_theta90/it130_success
axisx_theta90,131,success,218.9798644,3.14591,428,1808,0.0343,output_step/iterations/axisx_theta90/it131_success
axisx_theta90,132,success,218.9798644,3.14591,428,1808,0.0352,output_step/iterations/axisx_theta90/it132_success
axisx_theta90,133,success,218.9798644,3.14591,428,1808,0.0338,output_step/iterations/axisx_theta90/it133_success
axisx_theta90,134,success,218.9798644,3.14591,428,1808,0.0346,output_step/iterations/axisx_theta90/it134_success
axisx_theta90,135,success,218.9798644,3.14591,428,1808,0.0342,output_step/iterations/axisx_theta90/it135_success
axisx_theta90,136,success,218.9798644,3.14591,428,1808,0.0348,output_step/iterations/axisx_theta90/it136_success
axisx_theta90,137,success,218.9798644,3.14591,428,1808,0.0338,output_step/iterations/axisx_theta90/it137_success
axisx_theta90,138,success,218.9798644,3.14591,428,1808,0.0344,output_step/iterations/axisx_theta90/it138_success
axisx_theta90,139,success,218.9798644,3.14591,428,1808,0.0352,output_step/iterations/axisx_theta90/it139_success
axisx_theta90,140,success,218.9798644,3.14591,428,1808,0.0346,output_step/iterations/axisx_theta90/it140_success
axisx_theta90,141,success,218.9798644,3.14591,428,1808,0.0351,output_step/iterations/axisx_theta90/it141_success
axisx_theta90,142,success,218.9798644,3.14591,428,1808,0.0346,output_step/iterations/axisx_theta90/it142_success
axisx_theta90,143,success,218.9798644,3.14591,428,1808,0.0345,output_step/iterations/axisx_theta90/it143_success
axisx_theta90,144,success,218.9798644,3.14591,428,1808,0.0344,output_step/iterations/axisx_theta90/it144_success
axisx_theta90,145,success,218.9798644,3.14591,428,1808,0.0351,output_step/iterations/axisx_theta90/it145_success
axisx_theta90,146,success,218.9798644,3.14591,428,1808,0.0347,output_step/iterations/axisx_theta90/it146_success
axisx_theta90,147,success,218.9798644,3.14591,428,1808,0.0351,output_step/iterations/axisx_theta90/it147_success
axisx_theta90,148,success,218.9798644,3.14591,428,1808,0.0351,output_step/iterations/axisx_theta90/it148_success
axisx_theta90,149,success,218.9798644,3.14591,428,1808,0.0343,output_step/iterations/axisx_theta90/it149_success
axisx_theta90,150,success,218.9798644,3.14591,428,1808,0.0351,output_step/iterations/axisx_theta90/it150_success
axisx_theta90,151,success,218.9798644,3.14591,428,1808,0.0352,output_step/iterations/axisx_theta90/it151_success
axisx_theta90,152,success,218.9798644,3.14591,428,1808,0.0348,output_step/iterations/axisx_theta90/it152_success
axisx_theta90,153,success,218.9798644,3.14591,428,1808,0.035,output_step/iterations/axisx_theta90/it153_success
axisx_theta90,154,success,218.9798644,3.14591,428,1808,0.0346,output_step/iterations/axisx_theta90/it154_success
axisx_theta90,155,success,218.9798644,3.14591,428,1808,0.0347,output_step/iterations/axisx_theta90/it155_success
axisx_theta90,156,success,218.9798644,3.14591,428,1808,0.0345,output_step/iterations/axisx_theta90/it156_success
axisx_theta90,157,success,218.9798644,3.14591,428,1808,0.0342,output_step/iterations/axisx_theta90/it157_success
axisx_theta90,158,success,218.9798644,3.14591,428,1808,0.0353,output_step/iterations/axisx_theta90/it158_success
axisx_theta90,159,success,218.9798644,3.14591,428,1808,0.0347,output_step/iterations/axisx_theta90/it159_success
axisx_theta90,160,success,218.9798644,3.14591,428,1808,0.0351,output_step/iterations/axisx_theta90/it160_success
axisx_theta90,161,success,218.9798644,3.14591,428,1808,0.0344,output_step/iterations/axisx_theta90/it161_success
axisx_theta90,162,success,218.9798644,3.14591,428,1808,0.0346,output_step/iterations/axisx_theta90/it162_success
axisx_theta90,163,success,218.9798644,3.14591,428,1808,0.0349,output_step/iterations/axisx_theta90/it163_success
axisx_theta90,164,success,218.9798644,3.14591,428,1808,0.0343,output_step/iterations/axisx_theta90/it164_success
axisx_theta90,165,success,218.9798644,3.14591,428,1808,0.0351,output_step/iterations/axisx_theta90/it165_success
axisx_theta90,166,success,218.9798644,3.14591,428,1808,0.0344,output_step/iterations/axisx_theta90/it166_success
axisx_theta90,167,success,218.9798644,3.14591,428,1808,0.035,output_step/iterations/axisx_theta90/it167_success
axisx_theta90,168,success,218.9798644,3.14591,428,1808,0.0344,output_step/iterations/axisx_theta90/it168_success
axisx_theta90,169,success,218.9798644,3.14591,428,1808,0.0349,output_step/iterations/axisx_theta90/it169_success
axisx_theta90,170,success,218.9798644,3.14591,428,1808,0.0353,output_step/iterations/axisx_theta90/it170_success
axisx_theta90,171,success,218.9798644,3.14591,428,1808,0.0348,output_step/iterations/axisx_theta90/it171_success
axisx_theta90,172,success,218.9798644,3.14591,428,1808,0.0352,output_step/iterations/axisx_theta90/it172_success
axisx_theta90,173,success,218.9798644,3.14591,428,1808,0.0347,output_step/iterations/axisx_theta90/it173_success
axisx_theta90,174,success,218.9798644,3.14591,428,1808,0.0348,output_step/iterations/axisx_theta90/it174_success
axisx_theta90,175,success,218.9798644,3.14591,428,1808,0.0344,output_step/iterations/axisx_theta90/it175_success
axisx_theta90,176,success,218.9798644,3.14591,428,1808,0.0344,output_step/iterations/axisx_theta90/it176_success
axisx_theta90,177,success,218.9798644,3.14591,428,1808,0.0344,output_step/iterations/axisx_theta90/it177_success
axisx_theta90,178,success,218.9798644,3.14591,428,1808,0.0343,output_step/iterations/axisx_theta90/it178_success
axisx_theta90,179,success,218.9798644,3.14591,428,1808,0.0349,output_step/iterations/axisx_theta90/it179_success
axisx_theta90,180,success,218.9798644,3.14591,428,1808,0.0345,output_step/iterations/axisx_theta90/it180_success
axisx_theta90,181,success,218.9798644,3.14591,428,1808,0.0349,output_step/iterations/axisx_theta90/it181_success
axisx_theta90,182,success,218.9798644,3.14591,428,1808,0.0356,output_step/iterations/axisx_theta90/it182_success
axisx_theta90,183,success,218.9798644,3.14591,428,1808,0.0348,output_step/iterations/axisx_theta90/it183_success
axisx_theta90,184,success,218.9798644,3.14591,428,1808,0.0344,output_step/iterations/axisx_theta90/it184_success
axisx_theta90,185,success,218.9798644,3.14591,428,1808,0.0346,output_step/iterations/axisx_theta90/it185_success
axisx_theta90,186,success,218.9798644,3.14591,428,1808,0.0344,output_step/iterations/axisx_theta90/it186_success
axisx_theta90,187,success,218.9798644,3.14591,428,1808,0.0354,output_step/iterations/axisx_theta90/it187_success
axisx_theta90,188,success,218.9798644,3.14591,428,1808,0.0349,output_step/iterations/axisx_theta90/it188_success
axisx_theta90,189,success,218.9798644,3.14591,428,1808,0.0345,output_step/iterations/axisx_theta90/it189_success
axisx_theta90,190,success,218.9798644,3.14591,428,1808,0.0348,output_step/iterations/axisx_theta90/it190_success
axisx_theta90,191,success,218.9798644,3.14591,428,1808,0.0338,output_step/iterations/axisx_theta90/it191_success
axisx_theta90,192,success,218.9798644,3.14591,428,1808,0.0346,output_step/iterations/axisx_theta90/it192_success
axisx_theta90,193,success,218.9798644,3.14591,428,1808,0.0349,output_step/iterations/axisx_theta90/it193_success
axisx_theta90,194,success,218.9798644,3.14591,428,1808,0.0343,output_step/iterations/axisx_theta90/it194_success
axisx_theta90,195,success,218.9798644,3.14591,428,1808,0.0354,output_step/iterations/axisx_theta90/it195_success
axisx_theta90,196,success,218.9798644,3.14591,428,1808,0.0345,output_step/iterations/axisx_theta90/it196_success
axisx_theta90,197,success,218.9798644,3.14591,428,1808,0.0352,output_step/iterations/axisx_theta90/it197_success
axisx_theta90,198,success,218.9798644,3.14591,428,1808,0.0349,output_step/iterations/axisx_theta90/it198_success
axisx_theta90,199,success,218.9798644,3.14591,428,1808,0.0345,output_step/iterations/axisx_theta90/it199_success
axisx_theta90,200,success,218.9798644,3.14591,428,1808,0.0349,output_step/iterations/axisx_theta90/it200_success
axisx_theta90,201,success,218.9798644,3.14591,428,1808,0.0349,output_step/iterations/axisx_theta90/it201_success
axisx_theta90,202,success,218.9798644,3.14591,428,1808,0.0346,output_step/iterations/axisx_theta90/it202_success
axisx_theta90,203,success,218.9798644,3.14591,428,1808,0.0349,output_step/iterations/axisx_theta90/it203_success
axisx_theta90,204,success,218.9798644,3.14591,428,1808,0.0344,output_step/iterations/axisx_theta90/it204_success
axisx_theta90,205,success,218.9798644,3.14591,428,1808,0.0342,output_step/iterations/axisx_theta90/it205_success
axisx_theta90,206,success,218.9798644,3.14591,428,1808,0.0349,output_step/iterations/axisx_theta90/it206_success
axisx_theta90,207,success,218.9798644,3.14591,428,1808,0.0346,output_step/iterations/axisx_theta90/it207_success
axisx_theta90,208,success,218.9798644,3.14591,428,1808,0.0345,output_step/iterations/axisx_theta90/it208_success
axisx_theta90,209,success,218.9798644,3.14591,428,1808,0.035,output_step/iterations/axisx_theta90/it209_success
axisx_theta90,210,success,218.9798644,3.14591,428,1808,0.0354,output_step/iterations/axisx_theta90/it210_success
axisx_theta90,211,success,218.9798644,3.14591,428,1808,0.0349,output_step/iterations/axisx_theta90/it211_success
axisx_theta90,212,success,218.9798644,3.14591,428,1808,0.0354,output_step/iterations/axisx_theta90/it212_success
axisx_theta90,213,success,218.9798644,3.14591,428,1808,0.0351,output_step/iterations/axisx_theta90/it213_success
axisx_theta90,214,success,218.9798644,3.14591,428,1808,0.0344,output_step/iterations/axisx_theta90/it214_success
axisx_theta90,215,success,218.9798644,3.14591,428,1808,0.0345,output_step/iterations/axisx_theta90/it215_success
axisx_theta90,216,success,218.9798644,3.14591,428,1808,0.0345,output_step/iterations/axisx_theta90/it216_success
axisx_theta90,217,success,218.9798644,3.14591,428,1808,0.0356,output_step/iterations/axisx_theta90/it217_success
axisx_theta90,218,success,218.9798644,3.14591,428,1808,0.0351,output_step/iterations/axisx_theta90/it218_success
axisx_theta90,219,success,218.9798644,3.14591,428,1808,0.0345,output_step/iterations/axisx_theta90/it219_success
axisx_theta90,220,success,218.9798644,3.14591,428,1808,0.0351,output_step/iterations/axisx_theta90/it220_success
axisx_theta90,221,success,218.9798644,3.14591,428,1808,0.0353,output_step/iterations/axisx_theta90/it221_success
axisx_theta90,222,success,218.9798644,3.14591,428,1808,0.0345,output_step/iterations/axisx_theta90/it222_success
axisx_theta90,223,success,218.9798644,3.14591,428,1808,0.0354,output_step/iterations/axisx_theta90/it223_success
axisx_theta90,224,success,218.9798644,3.14591,428,1808,0.0345,output_step/iterations/axisx_theta90/it224_success
axisx_theta90,225,success,218.9798644,3.14591,428,1808,0.0346,output_step/iterations/axisx_theta90/it225_success
axisx_theta90,226,success,218.9798644,3.14591,428,1808,0.0351,output_step/iterations/axisx_theta90/it226_success
axisx_theta90,227,success,218.9798644,3.14591,428,1808,0.035,output_step/iterations/axisx_theta90/it227_success
axisx_theta90,228,success,218.9798644,3.14591,428,1808,0.0351,output_step/iterations/axisx_theta90/it228_success
axisx_theta90,229,success,218.9798644,3.14591,428,1808,0.0352,output_step/iterations/axisx_theta90/it229_success
axisx_theta90,230,success,218.9798644,3.14591,428,1808,0.035,output_step/iterations/axisx_theta90/it230_success
axisx_theta90,231,success,218.9798644,3.14591,428,1808,0.0346,output_step/iterations/axisx_theta90/it231_success
axisx_theta90,232,success,218.9798644,3.14591,428,1808,0.0348,output_step/iterations/axisx_theta90/it232_success
axisx_theta90,233,success,218.9798644,3.14591,428,1808,0.0345,output_step/iterations/axisx_theta90/it233_success
axisx_theta90,234,success,218.9798644,3.14591,428,1808,0.0343,output_step/iterations/axisx_theta90/it234_success
axisx_theta90,235,success,218.9798644,3.14591,428,1808,0.0346,output_step/iterations/axisx_theta90/it235_success
axisx_theta90,236,success,218.9798644,3.14591,428,1808,0.036,output_step/iterations/axisx_theta90/it236_success
axisx_theta90,237,success,218.9798644,3.14591,428,1808,0.0353,output_step/iterations/axisx_theta90/it237_success
axisx_theta90,238,success,218.9798644,3.14591,428,1808,0.035,output_step/iterations/axisx_theta90/it238_success
axisx_theta90,239,success,218.9798644,3.14591,428,1808,0.0365,output_step/iterations/axisx_theta90/it239_success
axisx_theta90,240,success,218.9798644,3.14591,428,1808,0.0347,output_step/iterations/axisx_theta90/it240_success
axisx_theta90,241,success,218.9798644,3.14591,428,1808,0.0345,output_step/iterations/axisx_theta90/it241_success
axisx_theta90,242,success,218.9798644,3.14591,428,1808,0.0342,output_step/iterations/axisx_theta90/it242_success
axisx_theta90,243,success,218.9798644,3.14591,428,1808,0.0356,output_step/iterations/axisx_theta90/it243_success
axisx_theta90,244,success,218.9798644,3.14591,428,1808,0.0352,output_step/iterations/axisx_theta90/it244_success
axisx_theta90,245,success,218.9798644,3.14591,428,1808,0.0344,output_step/iterations/axisx_theta90/it245_success
axisx_theta90,246,success,218.9798644,3.14591,428,1808,0.0357,output_step/iterations/axisx_theta90/it246_success
axisx_theta90,247,success,218.9798644,3.14591,428,1808,0.0346,output_step/iterations/axisx_theta90/it247_success
axisx_theta90,248,success,218.9798644,3.14591,428,1808,0.0369,output_step/iterations/axisx_theta90/it248_success
axisx_theta90,249,success,218.9798644,3.14591,428,1808,0.0351,output_step/iterations/axisx_theta90/it249_success
axisx_theta90,250,success,218.9798644,3.14591,428,1808,0.0348,output_step/iterations/axisx_theta90/it250_success
axisx_theta90,251,success,218.9798644,3.14591,428,1808,0.0347,output_step/iterations/axisx_theta90/it251_success
axisx_theta90,252,success,218.9798644,3.14591,428,1808,0.0345,output_step/iterations/axisx_theta90/it252_success
axisx_theta90,253,success,218.9798644,3.14591,428,1808,0.0355,output_step/iterations/axisx_theta90/it253_success
axisx_theta90,254,success,218.9798644,3.14591,428,1808,0.0348,output_step/iterations/axisx_theta90/it254_success
axisx_theta90,255,success,218.9798644,3.14591,428,1808,0.0352,output_step/iterations/axisx_theta90/it255_success
axisx_theta90,256,success,218.9798644,3.14591,428,1808,0.0345,output_step/iterations/axisx_theta90/it256_success
axisx_theta90,257,success,218.9798644,3.14591,428,1808,0.0342,output_step/iterations/axisx_theta90/it257_success
axisx_theta90,258,success,218.9798644,3.14591,428,1808,0.035,output_step/iterations/axisx_theta90/it258_success
axisx_theta90,259,success,218.9798644,3.14591,428,1808,0.0361,output_step/iterations/axisx_theta90/it259_success
axisx_theta90,260,success,218.9798644,3.14591,428,1808,0.0351,output_step/iterations/axisx_theta90/it260_success
axisx_theta90,261,success,218.9798644,3.14591,428,1808,0.0341,output_step/iterations/axisx_theta90/it261_success
axisx_theta90,262,success,218.9798644,3.14591,428,1808,0.0356,output_step/iterations/axisx_theta90/it262_success
axisx_theta90,263,success,218.9798644,3.14591,428,1808,0.0351,output_step/iterations/axisx_theta90/it263_success
axisx_theta90,264,success,218.9798644,3.14591,428,1808,0.0346,output_step/iterations/axisx_theta90/it264_success
axisx_theta90,265,success,218.9798644,3.14591,428,1808,0.0339,output_step/iterations/axisx_theta90/it265_success
axisx_theta90,266,success,218.9798644,3.14591,428,1808,0.0351,output_step/iterations/axisx_theta90/it266_success
axisx_theta90,267,success,218.9798644,3.14591,428,1808,0.0346,output_step/iterations/axisx_theta90/it267_success
axisx_theta90,268,success,218.9798644,3.14591,428,1808,0.0346,output_step/iterations/axisx_theta90/it268_success
axisx_theta90,269,success,218.9798644,3.14591,428,1808,0.0351,output_step/iterations/axisx_theta90/it269_success
axisx_theta90,270,success,218.9798644,3.14591,428,1808,0.0346,output_step/iterations/axisx_theta90/it270_success
axisx_theta90,271,success,218.9798644,3.14591,428,1808,0.037,output_step/iterations/axisx_theta90/it271_success
axisx_theta90,272,success,218.9798644,3.14591,428,1808,0.0346,output_step/iterations/axisx_theta90/it272_success
axisx_theta90,273,success,218.9798644,3.14591,428,1808,0.0351,output_step/iterations/axisx_theta90/it273_success
axisx_theta90,274,success,218.9798644,3.14591,428,1808,0.035,output_step/iterations/axisx_theta90/it274_success
axisx_theta90,275,success,218.9798644,3.14591,428,1808,0.0351,output_step/iterations/axisx_theta90/it275_success
axisx_theta90,276,success,218.9798644,3.14591,428,1808,0.0356,output_step/iterations/axisx_theta90/it276_success
axisx_theta90,277,success,218.9798644,3.14591,428,1808,0.0347,output_step/iterations/axisx_theta90/it277_success
axisx_theta90,278,success,218.9798644,3.14591,428,1808,0.0352,output_step/iterations/axisx_theta90/it278_success
axisx_theta90,279,success,218.9798644,3.14591,428,1808,0.0349,output_step/iterations/axisx_theta90/it279_success
axisx_theta90,280,success,218.9798644,3.14591,428,1808,0.0346,output_step/iterations/axisx_theta90/it280_success
axisx_theta90,281,success,218.9798644,3.14591,428,1808,0.0347,output_step/iterations/axisx_theta90/it281_success
axisx_theta90,282,success,218.9798644,3.14591,428,1808,0.0351,output_step/iterations/axisx_theta90/it282_success
axisx_theta90,283,success,218.9798644,3.14591,428,1808,0.0365,output_step/iterations/axisx_theta90/it283_success
axisx_theta90,284,success,218.9798644,3.14591,428,1808,0.0358,output_step/iterations/axisx_theta90/it284_success
axisx_theta90,285,success,218.9798644,3.14591,428,1808,0.0346,output_step/iterations/axisx_theta90/it285_success
axisx_theta90,286,success,218.9798644,3.14591,428,1808,0.0348,output_step/iterations/axisx_theta90/it286_success
axisx_theta90,287,success,218.9798644,3.14591,428,1808,0.0349,output_step/iterations/axisx_theta90/it287_success
axisx_theta90,288,success,218.9798644,3.14591,428,1808,0.0341,output_step/iterations/axisx_theta90/it288_success
axisx_theta90,289,success,218.9798644,3.14591,428,1808,0.0351,output_step/iterations/axisx_theta90/it289_success
axisx_theta90,290,success,218.9798644,3.14591,428,1808,0.0347,output_step/iterations/axisx_theta90/it290_success
axisx_theta90,291,success,218.9798644,3.14591,428,1808,0.0352,output_step/iterations/axisx_theta90/it291_success
axisx_theta90,292,success,218.9798644,3.14591,428,1808,0.0347,output_step/iterations/axisx_theta90/it292_success
axisx_theta90,293,success,218.9798644,3.14591,428,1808,0.0357,output_step/iterations/axisx_theta90/it293_success
axisx_theta90,294,success,218.9798644,3.14591,428,1808,0.0351,output_step/iterations/axisx_theta90/it294_success
axisx_theta90,295,success,218.9798644,3.14591,428,1808,0.035,output_step/iterations/axisx_theta90/it295_success
axisx_theta90,296,success,218.9798644,3.14591,428,1808,0.0356,output_step/iterations/axisx_theta90/it296_success
axisx_theta90,297,success,218.9798644,3.14591,428,1808,0.0346,output_step/iterations/axisx_theta90/it297_success
axisx_theta90,298,success,218.9798644,3.14591,428,1808,0.0355,output_step/iterations/axisx_theta90/it298_success
axisx_theta90,299,success,218.9798644,3.14591,428,1808,0.0342,output_step/iterations/axisx_theta90/it299_success
axisx_theta90,300,success,218.9798644,3.14591,428,1808,0.035,output_step/iterations/axisx_theta90/it300_success
axisx_theta90,301,success,218.9798644,3.14591,428,1808,0.0349,output_step/iterations/axisx_theta90/it301_success
axisx_theta90,302,success,218.9798644,3.14591,428,1808,0.0351,output_step/iterations/axisx_theta90/it302_success
axisx_theta90,303,success,218.9798644,3.14591,428,1808,0.0342,output_step/iterations/axisx_theta90/it303_success
axisx_theta90,304,success,218.9798644,3.14591,428,1808,0.0356,output_step/iterations/axisx_theta90/it304_success
axisx_theta90,305,success,218.9798644,3.14591,428,1808,0.0346,output_step/iterations/axisx_theta90/it305_success
axisx_theta90,306,success,218.9798644,3.14591,428,1808,0.0355,output_step/iterations/axisx_theta90/it306_success
axisx_theta90,307,success,218.9798644,3.14591,428,1808,0.035,output_step/iterations/axisx_theta90/it307_success
axisx_theta90,308,success,218.9798644,3.14591,428,1808,0.0348,output_step/iterations/axisx_theta90/it308_success
axisx_theta90,309,success,218.9798644,3.14591,428,1808,0.0351,output_step/iterations/axisx_theta90/it309_success
axisx_theta90,310,success,218.9798644,3.14591,428,1808,0.0347,output_step/iterations/axisx_theta90/it310_success
axisx_theta90,311,success,218.9798644,3.14591,428,1808,0.0347,output_step/iterations/axisx_theta90/it311_success
axisx_theta90,312,success,218.9798644,3.14591,428,1808,0.0353,output_step/iterations/axisx_theta90/it312_success
axisx_theta90,313,success,218.9798644,3.14591,428,1808,0.0344,output_step/iterations/axisx_theta90/it313_success
axisx_theta90,314,success,218.9798644,3.14591,428,1808,0.0349,output_step/iterations/axisx_theta90/it314_success
axisx_theta90,315,success,218.9798644,3.14591,428,1808,0.0347,output_step/iterations/axisx_theta90/it315_success
axisx_theta90,316,success,218.9798644,3.14591,428,1808,0.0351,output_step/iterations/axisx_theta90/it316_success
axisx_theta90,317,success,218.9798644,3.14591,428,1808,0.0347,output_step/iterations/axisx_theta90/it317_success
axisx_theta90,318,success,218.9798644,3.14591,428,1808,0.0347,output_step/iterations/axisx_theta90/it318_success
axisx_theta90,319,success,218.9798644,3.14591,428,1808,0.0356,output_step/iterations/axisx_theta90/it319_success
axisx_theta90,320,success,218.9798644,3.14591,428,1808,0.0347,output_step/iterations/axisx_theta90/it320_success
axisx_theta90,321,success,218.9798644,3.14591,428,1808,0.0373,output_step/iterations/axisx_theta90/it321_success
axisx_theta90,322,success,218.9798644,3.14591,428,1808,0.0349,output_step/iterations/axisx_theta90/it322_success
axisx_theta90,323,success,218.9798644,3.14591,428,1808,0.0346,output_step/iterations/axisx_theta90/it323_success
axisx_theta90,324,success,218.9798644,3.14591,428,1808,0.0348,output_step/iterations/axisx_theta90/it324_success
axisx_theta90,325,success,218.9798644,3.14591,428,1808,0.0344,output_step/iterations/axisx_theta90/it325_success
axisx_theta90,326,success,218.9798644,3.14591,428,1808,0.0347,output_step/iterations/axisx_theta90/it326_success
axisx_theta90,327,success,218.9798644,3.14591,428,1808,0.0356,output_step/iterations/axisx_theta90/it327_success
axisx_theta90,328,success,218.9798644,3.14591,428,1808,0.0347,output_step/iterations/axisx_theta90/it328_success
axisx_theta90,329,success,218.9798644,3.14591,428,1808,0.0348,output_step/iterations/axisx_theta90/it329_success
axisx_theta90,330,success,218.9798644,3.14591,428,1808,0.0353,output_step/iterations/axisx_theta90/it330_success
axisx_theta90,331,success,218.9798644,3.14591,428,1808,0.0347,output_step/iterations/axisx_theta90/it331_success
axisx_theta90,332,success,218.9798644,3.14591,428,1808,0.0352,output_step/iterations/axisx_theta90/it332_success
axisx_theta90,333,success,218.9798644,3.14591,428,1808,0.0348,output_step/iterations/axisx_theta90/it333_success
axisx_theta90,334,success,218.9798644,3.14591,428,1808,0.0356,output_step/iterations/axisx_theta90/it334_success
axisx_theta90,335,success,218.9798644,3.14591,428,1808,0.0347,output_step/iterations/axisx_theta90/it335_success
axisx_theta90,336,success,218.9798644,3.14591,428,1808,0.0349,output_step/iterations/axisx_theta90/it336_success
axisx_theta90,337,success,218.9798644,3.14591,428,1808,0.0348,output_step/iterations/axisx_theta90/it337_success
axisx_theta90,338,success,218.9798644,3.14591,428,1808,0.0357,output_step/iterations/axisx_theta90/it338_success
axisx_theta90,339,success,218.9798644,3.14591,428,1808,0.0348,output_step/iterations/axisx_theta90/it339_success
axisx_theta90,340,success,218.9798644,3.14591,428,1808,0.0355,output_step/iterations/axisx_theta90/it340_success
axisx_theta90,341,success,218.9798644,3.14591,428,1808,0.0352,output_step/iterations/axisx_theta90/it341_success
axisx_theta90,342,success,218.9798644,3.14591,428,1808,0.0348,output_step/iterations/axisx_theta90/it342_success
axisx_theta90,343,success,218.9798644,3.14591,428,1808,0.0346,output_step/iterations/axisx_theta90/it343_success
axisx_theta90,344,success,218.9798644,3.14591,428,1808,0.0346,output_step/iterations/axisx_theta90/it344_success
axisx_theta90,345,success,218.9798644,3.14591,428,1808,0.0355,output_step/iterations/axisx_theta90/it345_success
axisx_theta90,346,success,218.9798644,3.14591,428,1808,0.0352,output_step/iterations/axisx_theta90/it346_success
axisx_theta90,347,success,218.9798644,3.14591,428,1808,0.0349,output_step/iterations/axisx_theta90/it347_success
axisx_theta90,348,success,218.9798644,3.14591,428,1808,0.0349,output_step/iterations/axisx_theta90/it348_success
axisx_theta90,349,success,218.9798644,3.14591,428,1808,0.0365,output_step/iterations/axisx_theta90/it349_success
axisx_theta90,350,success,218.9798644,3.14591,428,1808,0.0354,output_step/iterations/axisx_theta90/it350_success
axisx_theta90,351,success,218.9798644,3.14591,428,1808,0.035,output_step/iterations/axisx_theta90/it351_success
axisx_theta90,352,success,218.9798644,3.14591,428,1808,0.0356,output_step/iterations/axisx_theta90/it352_success
axisx_theta90,353,success,218.9798644,3.14591,428,1808,0.0345,output_step/iterations/axisx_theta90/it353_success
axisx_theta90,354,success,218.9798644,3.14591,428,1808,0.0355,output_step/iterations/axisx_theta90/it354_success
axisx_theta90,355,success,218.9798644,3.14591,428,1808,0.0343,output_step/iterations/axisx_theta90/it355_success
axisx_theta90,356,success,218.9798644,3.14591,428,1808,0.0345,output_step/iterations/axisx_theta90/it356_success
axisx_theta90,357,success,218.9798644,3.14591,428,1808,0.035,output_step/iterations/axisx_theta90/it357_success
axisx_theta90,358,success,218.9798644,3.14591,428,1808,0.0346,output_step/iterations/axisx_theta90/it358_success
axisx_theta90,359,success,218.9798644,3.14591,428,1808,0.0353,output_step/iterations/axisx_theta90/it359_success
axisx_theta90,360,success,218.9798644,3.14591,428,1808,0.0351,output_step/iterations/axisx_theta90/it360_success
axisx_theta90,361,success,218.9798644,3.14591,428,1808,0.0347,output_step/iterations/axisx_theta90/it361_success
axisx_theta90,362,success,218.9798644,3.14591,428,1808,0.0351,output_step/iterations/axisx_theta90/it362_success
axisx_theta90,363,success,218.9798644,3.14591,428,1808,0.0346,output_step/iterations/axisx_theta90/it363_success
axisx_theta90,364,success,218.9798644,3.14591,428,1808,0.0347,output_step/iterations/axisx_theta90/it364_success
axisx_theta90,365,success,218.9798644,3.14591,428,1808,0.0346,output_step/iterations/axisx_theta90/it365_success
axisx_theta90,366,success,218.9798644,3.14591,428,1808,0.0346,output_step/iterations/axisx_theta90/it366_success
axisx_theta90,367,success,218.9798644,3.14591,428,1808,0.0353,output_step/iterations/axisx_theta90/it367_success
axisx_theta90,368,success,218.9798644,3.14591,428,1808,0.0353,output_step/iterations/axisx_theta90/it368_success
axisx_theta90,369,success,218.9798644,3.14591,428,1808,0.0348,output_step/iterations/axisx_theta90/it369_success
axisx_theta90,370,success,218.9798644,3.14591,428,1808,0.0345,output_step/iterations/axisx_theta90/it370_success
axisx_theta90,371,success,218.9798644,3.14591,428,1808,0.0344,output_step/iterations/axisx_theta90/it371_success
axisx_theta90,372,success,218.9798644,3.14591,428,1808,0.0355,output_step/iterations/axisx_theta90/it372_success
axisx_theta90,373,success,218.9798644,3.14591,428,1808,0.0344,output_step/iterations/axisx_theta90/it373_success
axisx_theta90,374,success,218.9798644,3.14591,428,1808,0.0346,output_step/iterations/axisx_theta90/it374_success
axisx_theta90,375,success,218.9798644,3.14591,428,1808,0.0344,output_step/iterations/axisx_theta90/it375_success
axisx_theta90,376,success,218.9798644,3.14591,428,1808,0.0386,output_step/iterations/axisx_theta90/it376_success
axisx_theta90,377,success,218.9798644,3.14591,428,1808,0.0361,output_step/iterations/axisx_theta90/it377_success
axisx_theta90,378,success,218.9798644,3.14591,428,1808,0.0348,output_step/iterations/axisx_theta90/it378_success
axisx_theta90,379,success,218.9798644,3.14591,428,1808,0.0344,output_step/iterations/axisx_theta90/it379_success
axisx_theta90,380,success,218.9798644,3.14591,428,1808,0.0351,output_step/iterations/axisx_theta90/it380_success
axisx_theta90,381,success,218.9798644,3.14591,428,1808,0.0356,output_step/iterations/axisx_theta90/it381_success
axisx_theta90,382,success,218.9798644,3.14591,428,1808,0.0345,output_step/iterations/axisx_theta90/it382_success
axisx_theta90,383,success,218.9798644,3.14591,428,1808,0.0345,output_step/iterations/axisx_theta90/it383_success
axisx_theta90,384,success,218.9798644,3.14591,428,1808,0.0342,output_step/iterations/axisx_theta90/it384_success
axisx_theta90,385,success,218.9798644,3.14591,428,1808,0.0343,output_step/iterations/axisx_theta90/it385_success
axisx_theta90,386,success,218.9798644,3.14591,428,1808,0.0354,output_step/iterations/axisx_theta90/it386_success
axisx_theta90,387,success,218.9798644,3.14591,428,1808,0.0354,output_step/iterations/axisx_theta90/it387_success
axisx_theta90,388,success,218.9798644,3.14591,428,1808,0.0344,output_step/iterations/axisx_theta90/it388_success
axisx_theta90,389,success,218.9798644,3.14591,428,1808,0.0352,output_step/iterations/axisx_theta90/it389_success
axisx_theta90,390,success,218.9798644,3.14591,428,1808,0.0343,output_step/iterations/axisx_theta90/it390_success
axisx_theta90,391,success,218.9798644,3.14591,428,1808,0.0352,output_step/iterations/axisx_theta90/it391_success
axisx_theta90,392,success,218.9798644,3.14591,428,1808,0.0354,output_step/iterations/axisx_theta90/it392_success
axisx_theta90,393,success,218.9798644,3.14591,428,1808,0.0349,output_step/iterations/axisx_theta90/it393_success
axisx_theta90,394,success,218.9798644,3.14591,428,1808,0.0347,output_step/iterations/axisx_theta90/it394_success
axisx_theta90,395,success,218.9798644,3.14591,428,1808,0.0347,output_step/iterations/axisx_theta90/it395_success
axisx_theta90,396,success,218.9798644,3.14591,428,1808,0.0362,output_step/iterations/axisx_theta90/it396_success
axisx_theta90,397,success,218.9798644,3.14591,428,1808,0.0355,output_step/iterations/axisx_theta90/it397_success
axisx_theta90,398,success,218.9798644,3.14591,428,1808,0.0351,output_step/iterations/axisx_theta90/it398_success
axisx_theta90,399,success,218.9798644,3.14591,428,1808,0.0355,output_step/iterations/axisx_theta90/it399_success
axisx_theta90,400,success,218.9798644,3.14591,428,1808,0.0349,output_step/iterations/axisx_theta90/it400_success
axisx_theta90,401,success,218.9798644,3.14591,428,1808,0.0354,output_step/iterations/axisx_theta90/it401_success
axisx_theta90,402,success,218.9798644,3.14591,428,1808,0.0354,output_step/iterations/axisx_theta90/it402_success
axisx_theta90,403,success,218.9798644,3.14591,428,1808,0.0352,output_step/iterations/axisx_theta90/it403_success
axisx_theta90,404,success,218.9798644,3.14591,428,1808,0.0349,output_step/iterations/axisx_theta90/it404_success
axisx_theta90,405,success,218.9798644,3.14591,428,1808,0.0349,output_step/iterations/axisx_theta90/it405_success
axisx_theta90,406,success,218.9798644,3.14591,428,1808,0.0346,output_step/iterations/axisx_theta90/it406_success
axisx_theta90,407,success,218.9798644,3.14591,428,1808,0.0348,output_step/iterations/axisx_theta90/it407_success
axisx_theta90,408,success,218.9798644,3.14591,428,1808,0.0343,output_step/iterations/axisx_theta90/it408_success
axisx_theta90,409,success,218.9798644,3.14591,428,1808,0.0355,output_step/iterations/axisx_theta90/it409_success
axisx_theta90,410,success,218.9798644,3.14591,428,1808,0.035,output_step/iterations/axisx_theta90/it410_success
axisx_theta90,411,success,218.9798644,3.14591,428,1808,0.0345,output_step/iterations/axisx_theta90/it411_success
axisx_theta90,412,success,218.9798644,3.14591,428,1808,0.035,output_step/iterations/axisx_theta90/it412_success
axisx_theta90,413,success,218.9798644,3.14591,428,1808,0.0348,output_step/iterations/axisx_theta90/it413_success
axisx_theta90,414,success,218.9798644,3.14591,428,1808,0.035,output_step/iterations/axisx_theta90/it414_success
axisx_theta90,415,success,218.9798644,3.14591,428,1808,0.0354,output_step/iterations/axisx_theta90/it415_success
axisx_theta90,416,success,218.9798644,3.14591,428,1808,0.0349,output_step/iterations/axisx_theta90/it416_success
axisx_theta90,417,success,218.9798644,3.14591,428,1808,0.0344,output_step/iterations/axisx_theta90/it417_success
axisx_theta90,418,success,218.9798644,3.14591,428,1808,0.0351,output_step/iterations/axisx_theta90/it418_success
axisx_theta90,419,success,218.9798644,3.14591,428,1808,0.0345,output_step/iterations/axisx_theta90/it419_success
axisx_theta90,420,success,218.9798644,3.14591,428,1808,0.035,output_step/iterations/axisx_theta90/it420_success
axisx_theta90,421,success,218.9798644,3.14591,428,1808,0.0353,output_step/iterations/axisx_theta90/it421_success
axisx_theta90,422,success,218.9798644,3.14591,428,1808,0.0357,output_step/iterations/axisx_theta90/it422_success
axisx_theta90,423,success,218.9798644,3.14591,428,1808,0.0344,output_step/iterations/axisx_theta90/it423_success
axisx_theta90,424,success,218.9798644,3.14591,428,1808,0.0348,output_step/iterations/axisx_theta90/it424_success
axisx_theta90,425,success,218.9798644,3.14591,428,1808,0.0348,output_step/iterations/axisx_theta90/it425_success
axisx_theta90,426,success,218.9798644,3.14591,428,1808,0.0348,output_step/iterations/axisx_theta90/it426_success
axisx_theta90,427,success,218.9798644,3.14591,428,1808,0.0352,output_step/iterations/axisx_theta90/it427_success
axisx_theta90,428,success,218.9798644,3.14591,428,1808,0.0356,output_step/iterations/axisx_theta90/it428_success
axisx_theta90,429,success,218.9798644,3.14591,428,1808,0.035,output_step/iterations/axisx_theta90/it429_success
axisx_theta90,430,success,218.9798644,3.14591,428,1808,0.0355,output_step/iterations/axisx_theta90/it430_success
axisx_theta90,431,success,218.9798644,3.14591,428,1808,0.0351,output_step/iterations/axisx_theta90/it431_success
axisx_theta90,432,success,218.9798644,3.14591,428,1808,0.0348,output_step/iterations/axisx_theta90/it432_success
axisx_theta90,433,success,218.9798644,3.14591,428,1808,0.0354,output_step/iterations/axisx_theta90/it433_success
axisx_theta90,434,success,218.9798644,3.14591,428,1808,0.0354,output_step/iterations/axisx_theta90/it434_success
axisx_theta90,435,success,218.9798644,3.14591,428,1808,0.0349,output_step/iterations/axisx_theta90/it435_success
axisx_theta90,436,success,218.9798644,3.14591,428,1808,0.0351,output_step/iterations/axisx_theta90/it436_success
axisx_theta90,437,success,218.9798644,3.14591,428,1808,0.0347,output_step/iterations/axisx_theta90/it437_success
axisx_theta90,438,success,218.9798644,3.14591,428,1808,0.0352,output_step/iterations/axisx_theta90/it438_success
axisx_theta90,439,success,218.9798644,3.14591,428,1808,0.0355,output_step/iterations/axisx_theta90/it439_success
axisx_theta90,440,success,218.9798644,3.14591,428,1808,0.035,output_step/iterations/axisx_theta90/it440_success
axisx_theta90,441,success,218.9798644,3.14591,428,1808,0.0356,output_step/iterations/axisx_theta90/it441_success
axisx_theta90,442,success,218.9798644,3.14591,428,1808,0.0347,output_step/iterations/axisx_theta90/it442_success
axisx_theta90,443,success,218.9798644,3.14591,428,1808,0.0348,output_step/iterations/axisx_theta90/it443_success
axisx_theta90,444,success,218.9798644,3.14591,428,1808,0.0354,output_step/iterations/axisx_theta90/it444_success
axisx_theta90,445,success,218.9798644,3.14591,428,1808,0.0349,output_step/iterations/axisx_theta90/it445_success
axisx_theta90,446,success,218.9798644,3.14591,428,1808,0.0364,output_step/iterations/axisx_theta90/it446_success
axisx_theta90,447,success,218.9798644,3.14591,428,1808,0.035,output_step/iterations/axisx_theta90/it447_success
axisx_theta90,448,success,218.9798644,3.14591,428,1808,0.0356,output_step/iterations/axisx_theta90/it448_success
axisx_theta90,449,success,218.9798644,3.14591,428,1808,0.0351,output_step/iterations/axisx_theta90/it449_success
axisx_theta90,450,success,218.9798644,3.14591,428,1808,0.0353,output_step/iterations/axisx_theta90/it450_success
axisx_theta90,451,success,218.9798644,3.14591,428,1808,0.0351,output_step/iterations/axisx_theta90/it451_success
axisx_theta90,452,success,218.9798644,3.14591,428,1808,0.0349,output_step/iterations/axisx_theta90/it452_success
axisx_theta90,453,success,218.9798644,3.14591,428,1808,0.0355,output_step/iterations/axisx_theta90/it453_success
axisx_theta90,454,success,218.9798644,3.14591,428,1808,0.0342,output_step/iterations/axisx_theta90/it454_success
axisx_theta90,455,success,218.9798644,3.14591,428,1808,0.0355,output_step/iterations/axisx_theta90/it455_success
axisx_theta90,456,success,218.9798644,3.14591,428,1808,0.0348,output_step/iterations/axisx_theta90/it456_success
axisx_theta90,457,success,218.9798644,3.14591,428,1808,0.0361,output_step/iterations/axisx_theta90/it457_success
axisx_theta90,458,success,218.9798644,3.14591,428,1808,0.0349,output_step/iterations/axisx_theta90/it458_success
axisx_theta90,459,success,218.9798644,3.14591,428,1808,0.0347,output_step/iterations/axisx_theta90/it459_success
axisx_theta90,460,success,218.9798644,3.14591,428,1808,0.0355,output_step/iterations/axisx_theta90/it460_success
axisx_theta90,461,success,218.9798644,3.14591,428,1808,0.0352,output_step/iterations/axisx_theta90/it461_success
axisx_theta90,462,success,218.9798644,3.14591,428,1808,0.035,output_step/iterations/axisx_theta90/it462_success
axisx_theta90,463,success,218.9798644,3.14591,428,1808,0.0356,output_step/iterations/axisx_theta90/it463_success
axisx_theta90,464,success,218.9798644,3.14591,428,1808,0.0344,output_step/iterations/axisx_theta90/it464_success
axisx_theta90,465,success,218.9798644,3.14591,428,1808,0.0357,output_step/iterations/axisx_theta90/it465_success
axisx_theta90,466,success,218.9798644,3.14591,428,1808,0.0347,output_step/iterations/axisx_theta90/it466_success
axisx_theta90,467,success,218.9798644,3.14591,428,1808,0.0355,output_step/iterations/axisx_theta90/it467_success
axisx_theta90,468,success,218.9798644,3.14591,428,1808,0.0355,output_step/iterations/axisx_theta90/it468_success
axisx_theta90,469,success,218.9798644,3.14591,428,1808,0.0351,output_step/iterations/axisx_theta90/it469_success
axisx_theta90,470,success,218.9798644,3.14591,428,1808,0.0358,output_step/iterations/axisx_theta90/it470_success
axisx_theta90,471,success,218.9798644,3.14591,428,1808,0.0346,output_step/iterations/axisx_theta90/it471_success
axisx_theta90,472,success,218.9798644,3.14591,428,1808,0.0354,output_step/iterations/axisx_theta90/it472_success
axisx_theta90,473,success,218.9798644,3.14591,428,1808,0.0384,output_step/iterations/axisx_theta90/it473_success
axisx_theta90,474,success,218.9798644,3.14591,428,1808,0.0353,output_step/iterations/axisx_theta90/it474_success
axisx_theta90,475,success,218.9798644,3.14591,428,1808,0.035,output_step/iterations/axisx_theta90/it475_success
axisx_theta90,476,success,218.9798644,3.14591,428,1808,0.0347,output_step/iterations/axisx_theta90/it476_success
axisx_theta90,477,success,218.9798644,3.14591,428,1808,0.0353,output_step/iterations/axisx_theta90/it477_success
axisx_theta90,478,success,218.9798644,3.14591,428,1808,0.0352,output_step/iterations/axisx_theta90/it478_success
axisx_theta90,479,success,218.9798644,3.14591,428,1808,0.0349,output_step/iterations/axisx_theta90/it479_success
axisx_theta90,480,success,218.9798644,3.14591,428,1808,0.0354,output_step/iterations/axisx_theta90/it480_success
axisx_theta90,481,success,218.9798644,3.14591,428,1808,0.0357,output_step/iterations/axisx_theta90/it481_success
axisx_theta90,482,success,218.9798644,3.14591,428,1808,0.0348,output_step/iterations/axisx_theta90/it482_success
axisx_theta90,483,success,218.9798644,3.14591,428,1808,0.0357,output_step/iterations/axisx_theta90/it483_success
axisx_theta90,484,success,218.9798644,3.14591,428,1808,0.0352,output_step/iterations/axisx_theta90/it484_success
axisx_theta90,485,success,218.9798644,3.14591,428,1808,0.0355,output_step/iterations/axisx_theta90/it485_success
axisx_theta90,486,success,218.9798644,3.14591,428,1808,0.0349,output_step/iterations/axisx_theta90/it486_success
axisx_theta90,487,success,218.9798644,3.14591,428,1808,0.0357,output_step/iterations/axisx_theta90/it487_success
axisx_theta90,488,success,218.9798644,3.14591,428,1808,0.0346,output_step/iterations/axisx_theta90/it488_success
axisx_theta90,489,success,218.9798644,3.14591,428,1808,0.0356,output_step/iterations/axisx_theta90/it489_success
axisx_theta90,490,success,218.9798644,3.14591,428,1808,0.0348,output_step/iterations/axisx_theta90/it490_success
axisx_theta90,491,success,218.9798644,3.14591,428,1808,0.0353,output_step/iterations/axisx_theta90/it491_success
axisx_theta90,492,success,218.9798644,3.14591,428,1808,0.0347,output_step/iterations/axisx_theta90/it492_success
axisx_theta90,493,success,218.9798644,3.14591,428,1808,0.0354,output_step/iterations/axisx_theta90/it493_success
axisx_theta90,494,success,218.9798644,3.14591,428,1808,0.035,output_step/iterations/axisx_theta90/it494_success
axisx_theta90,495,success,218.9798644,3.14591,428,1808,0.035,output_step/iterations/axisx_theta90/it495_success
axisx_theta90,496,success,218.9798644,3.14591,428,1808,0.0347,output_step/iterations/axisx_theta90/it496_success
axisx_theta180,1,success,4840.714505,69.5428,68,264,0.012,output_step/iterations/axisx_theta180/it001_success
axisx_theta180,2,success,4840.714505,69.5428,68,264,0.0114,output_step/iterations/axisx_theta180/it002_success
axisx_theta180,3,success,4840.714505,69.5428,68,264,0.0114,output_step/iterations/axisx_theta180/it003_success
axisx_theta180,4,success,4840.714505,69.5428,68,264,0.0115,output_step/iterations/axisx_theta180/it004_success
axisx_theta180,5,success,4840.714505,69.5428,68,264,0.0114,output_step/iterations/axisx_theta180/it005_success
axisx_theta180,6,success,4840.714505,69.5428,68,264,0.0115,output_step/iterations/axisx_theta180/it006_success
axisx_theta180,7,success,4840.714505,69.5428,68,264,0.0115,output_step/iterations/axisx_theta180/it007_success
axisx_theta180,8,success,4840.714505,69.5428,68,264,0.0114,output_step/iterations/axisx_theta180/it008_success
axisx_theta180,9,success,4840.714505,69.5428,68,264,0.0116,output_step/iterations/axisx_theta180/it009_success
axisx_theta180,10,success,4840.714505,69.5428,68,264,0.0115,output_step/iterations/axisx_theta180/it010_success
axisx_theta180,11,success,4840.714505,69.5428,68,264,0.0114,output_step/iterations/axisx_theta180/it011_success
axisx_theta180,12,success,4840.714505,69.5428,68,264,0.0115,output_step/iterations/axisx_theta180/it012_success
axisx_theta180,13,success,4840.714505,69.5428,68,264,0.0115,output_step/iterations/axisx_theta180/it013_success
axisx_theta180,14,success,4840.714505,69.5428,68,264,0.0115,output_step/iterations/axisx_theta180/it014_success
axisx_theta180,15,success,4840.714505,69.5428,68,264,0.0117,output_step/iterations/axisx_theta180/it015_success
axisx_theta180,16,success,4840.714505,69.5428,68,264,0.0116,output_step/iterations/axisx_theta180/it016_success
axisx_theta180,17,success,4840.714505,69.5428,68,264,0.0115,output_step/iterations/axisx_theta180/it017_success
axisx_theta180,18,success,4840.714505,69.5428,68,264,0.0114,output_step/iterations/axisx_theta180/it018_success
axisx_theta180,19,success,4840.714505,69.5428,68,264,0.0117,output_step/iterations/axisx_theta180/it019_success
axisx_theta180,20,success,4840.714505,69.5428,68,264,0.0116,output_step/iterations/axisx_theta180/it020_success
axisx_theta180,21,success,4840.714505,69.5428,68,264,0.0114,output_step/iterations/axisx_theta180/it021_success
axisx_theta180,22,success,4840.714505,69.5428,68,264,0.0116,output_step/iterations/axisx_theta180/it022_success
axisx_theta180,23,success,4840.714505,69.5428,68,264,0.0115,output_step/iterations/axisx_theta180/it023_success
axisx_theta180,24,success,4840.714505,69.5428,68,264,0.0115,output_step/iterations/axisx_theta180/it024_success
axisx_theta180,25,success,4840.714505,69.5428,68,264,0.0117,output_step/iterations/axisx_theta180/it025_success
axisx_theta180,26,success,4840.714505,69.5428,68,264,0.0116,output_step/iterations/axisx_theta180/it026_success
axisx_theta180,27,success,4840.714505,69.5428,68,264,0.0117,output_step/iterations/axisx_theta180/it027_success
axisx_theta180,28,success,4840.714505,69.5428,68,264,0.0116,output_step/iterations/axisx_theta180/it028_success
axisx_theta180,29,success,4840.714505,69.5428,68,264,0.0116,output_step/iterations/axisx_theta180/it029_success
axisx_theta180,30,success,4840.714505,69.5428,68,264,0.0116,output_step/iterations/axisx_theta180/it030_success
axisx_theta180,31,success,4840.714505,69.5428,68,264,0.0116,output_step/iterations/axisx_theta180/it031_success
axisx_theta180,32,success,4840.714505,69.5428,68,264,0.0114,output_step/iterations/axisx_theta180/it032_success
axisx_theta180,33,success,4840.714505,69.5428,68,264,0.0117,output_step/iterations/axisx_theta180/it033_success
axisx_theta180,34,success,4840.714505,69.5428,68,264,0.0119,output_step/iterations/axisx_theta180/it034_success
axisx_theta180,35,success,4840.714505,69.5428,68,264,0.0117,output_step/iterations/axisx_theta180/it035_success
axisx_theta180,36,success,4840.714505,69.5428,68,264,0.0118,output_step/iterations/axisx_theta180/it036_success
axisx_theta180,37,success,4840.714505,69.5428,68,264,0.0118,output_step/iterations/axisx_theta180/it037_success
axisx_theta180,38,success,4840.714505,69.5428,68,264,0.0119,output_step/iterations/axisx_theta180/it038_success
axisx_theta180,39,success,4840.714505,69.5428,68,264,0.0118,output_step/iterations/axisx_theta180/it039_success
axisx_theta180,40,success,4840.714505,69.5428,68,264,0.0116,output_step/iterations/axisx_theta180/it040_success
axisx_theta180,41,success,4840.714505,69.5428,68,264,0.0117,output_step/iterations/axisx_theta180/it041_success
axisx_theta180,42,success,4840.714505,69.5428,68,264,0.0116,output_step/iterations/axisx_theta180/it042_success
axisx_theta180,43,success,4840.714505,69.5428,68,264,0.0117,output_step/iterations/axisx_theta180/it043_success
axisx_theta180,44,success,4840.714505,69.5428,68,264,0.0116,output_step/iterations/axisx_theta180/it044_success
axisx_theta180,45,success,4840.714505,69.5428,68,264,0.0117,output_step/iterations/axisx_theta180/it045_success
axisx_theta180,46,success,4840.714505,69.5428,68,264,0.0115,output_step/iterations/axisx_theta180/it046_success
axisx_theta180,47,success,4840.714505,69.5428,68,264,0.0115,output_step/iterations/axisx_theta180/it047_success
axisx_theta180,48,success,4840.714505,69.5428,68,264,0.0114,output_step/iterations/axisx_theta180/it048_success
axisx_theta180,49,success,4840.714505,69.5428,68,264,0.0115,output_step/iterations/axisx_theta180/it049_success
axisx_theta180,50,success,4840.714505,69.5428,68,264,0.0117,output_step/iterations/axisx_theta180/it050_success
axisx_theta180,51,success,4840.714505,69.5428,68,264,0.0118,output_step/iterations/axisx_theta180/it051_success
axisx_theta180,52,success,4840.714505,69.5428,68,264,0.0119,output_step/iterations/axisx_theta180/it052_success
axisx_theta180,53,success,4840.714505,69.5428,68,264,0.0116,output_step/iterations/axisx_theta180/it053_success
axisx_theta180,54,success,4840.714505,69.5428,68,264,0.0115,output_step/iterations/axisx_theta180/it054_success
axisx_theta180,55,success,4840.714505,69.5428,68,264,0.0117,output_step/iterations/axisx_theta180/it055_success
axisx_theta180,56,success,4840.714505,69.5428,68,264,0.0115,output_step/iterations/axisx_theta180/it056_success
axisx_theta180,57,success,4840.714505,69.5428,68,264,0.0116,output_step/iterations/axisx_theta180/it057_success
axisx_theta180,58,success,4840.714505,69.5428,68,264,0.0113,output_step/iterations/axisx_theta180/it058_success
axisx_theta180,59,success,4840.714505,69.5428,68,264,0.0116,output_step/iterations/axisx_theta180/it059_success
axisx_theta180,60,success,4840.714505,69.5428,68,264,0.0117,output_step/iterations/axisx_theta180/it060_success
axisx_theta180,61,success,4840.714505,69.5428,68,264,0.0117,output_step/iterations/axisx_theta180/it061_success
axisx_theta180,62,success,4840.714505,69.5428,68,264,0.0117,output_step/iterations/axisx_theta180/it062_success
axisx_theta180,63,success,4840.714505,69.5428,68,264,0.0114,output_step/iterations/axisx_theta180/it063_success
axisx_theta180,64,success,4840.714505,69.5428,68,264,0.0117,output_step/iterations/axisx_theta180/it064_success
axisx_theta180,65,success,4840.714505,69.5428,68,264,0.0114,output_step/iterations/axisx_theta180/it065_success
axisx_theta180,66,success,4840.714505,69.5428,68,264,0.0117,output_step/iterations/axisx_theta180/it066_success
axisx_theta180,67,success,4840.714505,69.5428,68,264,0.0118,output_step/iterations/axisx_theta180/it067_success
axisx_theta180,68,success,4840.714505,69.5428,68,264,0.0112,output_step/iterations/axisx_theta180/it068_success
axisx_theta180,69,success,4840.714505,69.5428,68,264,0.0118,output_step/iterations/axisx_theta180/it069_success
axisx_theta180,70,success,4840.714505,69.5428,68,264,0.0116,output_step/iterations/axisx_theta180/it070_success
axisx_theta180,71,success,4840.714505,69.5428,68,264,0.0117,output_step/iterations/axisx_theta180/it071_success
axisx_theta180,72,success,4840.714505,69.5428,68,264,0.0115,output_step/iterations/axisx_theta180/it072_success
axisx_theta180,73,success,4840.714505,69.5428,68,264,0.0114,output_step/iterations/axisx_theta180/it073_success
axisx_theta180,74,success,4840.714505,69.5428,68,264,0.0115,output_step/iterations/axisx_theta180/it074_success
axisx_theta180,75,success,4840.714505,69.5428,68,264,0.0118,output_step/iterations/axisx_theta180/it075_success
axisx_theta180,76,success,4840.714505,69.5428,68,264,0.012,output_step/iterations/axisx_theta180/it076_success
axisx_theta180,77,success,4840.714505,69.5428,68,264,0.0118,output_step/iterations/axisx_theta180/it077_success
axisx_theta180,78,success,4840.714505,69.5428,68,264,0.0115,output_step/iterations/axisx_theta180/it078_success
axisx_theta180,79,success,4840.714505,69.5428,68,264,0.0118,output_step/iterations/axisx_theta180/it079_success
axisx_theta180,80,success,4840.714505,69.5428,68,264,0.0117,output_step/iterations/axisx_theta180/it080_success
axisx_theta180,81,success,4840.714505,69.5428,68,264,0.0114,output_step/iterations/axisx_theta180/it081_success
axisx_theta180,82,success,4840.714505,69.5428,68,264,0.0114,output_step/iterations/axisx_theta180/it082_success
axisx_theta180,83,success,4840.714505,69.5428,68,264,0.0113,output_step/iterations/axisx_theta180/it083_success
axisx_theta180,84,success,4840.714505,69.5428,68,264,0.0115,output_step/iterations/axisx_theta180/it084_success
axisx_theta180,85,success,4840.714505,69.5428,68,264,0.0117,output_step/iterations/axisx_theta180/it085_success
axisx_theta180,86,success,4840.714505,69.5428,68,264,0.0116,output_step/iterations/axisx_theta180/it086_success
axisx_theta180,87,success,4840.714505,69.5428,68,264,0.0114,output_step/iterations/axisx_theta180/it087_success
axisx_theta180,88,success,4840.714505,69.5428,68,264,0.0117,output_step/iterations/axisx_theta180/it088_success
axisx_theta180,89,success,4840.714505,69.5428,68,264,0.0116,output_step/iterations/axisx_theta180/it089_success
axisx_theta180,90,success,4840.714505,69.5428,68,264,0.0115,output_step/iterations/axisx_theta180/it090_success
axisx_theta180,91,success,4840.714505,69.5428,68,264,0.0116,output_step/iterations/axisx_theta180/it091_success
axisx_theta180,92,success,4840.714505,69.5428,68,264,0.0116,output_step/iterations/axisx_theta180/it092_success
axisx_theta180,93,success,4840.714505,69.5428,68,264,0.0116,output_step/iterations/axisx_theta180/it093_success
axisx_theta180,94,success,4840.714505,69.5428,68,264,0.0124,output_step/iterations/axisx_theta180/it094_success
axisx_theta180,95,success,4840.714505,69.5428,68,264,0.0117,output_step/iterations/axisx_theta180/it095_success
axisx_theta180,96,success,4840.714505,69.5428,68,264,0.0114,output_step/iterations/axisx_theta180/it096_success
axisx_theta180,97,success,4840.714505,69.5428,68,264,0.0118,output_step/iterations/axisx_theta180/it097_success
axisx_theta180,98,success,4840.714505,69.5428,68,264,0.0116,output_step/iterations/axisx_theta180/it098_success
axisx_theta180,99,success,4840.714505,69.5428,68,264,0.0114,output_step/iterations/axisx_theta180/it099_success
axisx_theta180,100,success,4840.714505,69.5428,68,264,0.0116,output_step/iterations/axisx_theta180/it100_success
axisx_theta180,101,success,4840.714505,69.5428,68,264,0.0116,output_step/iterations/axisx_theta180/it101_success
axisx_theta180,102,success,4840.714505,69.5428,68,264,0.0125,output_step/iterations/axisx_theta180/it102_success
axisx_theta180,103,success,4840.714505,69.5428,68,264,0.0115,output_step/iterations/axisx_theta180/it103_success
axisx_theta180,104,success,4840.714505,69.5428,68,264,0.0116,output_step/iterations/axisx_theta180/it104_success
axisx_theta180,105,success,4840.714505,69.5428,68,264,0.0117,output_step/iterations/axisx_theta180/it105_success
axisx_theta180,106,success,4840.714505,69.5428,68,264,0.0115,output_step/iterations/axisx_theta180/it106_success
axisx_theta180,107,success,4840.714505,69.5428,68,264,0.0116,output_step/iterations/axisx_theta180/it107_success
axisx_theta180,108,success,4840.714505,69.5428,68,264,0.0114,output_step/iterations/axisx_theta180/it108_success
axisx_theta180,109,success,4840.714505,69.5428,68,264,0.0115,output_step/iterations/axisx_theta180/it109_success
axisx_theta180,110,success,4840.714505,69.5428,68,264,0.0114,output_step/iterations/axisx_theta180/it110_success
axisx_theta180,111,success,4840.714505,69.5428,68,264,0.0118,output_step/iterations/axisx_theta180/it111_success
axisx_theta180,112,success,4840.714505,69.5428,68,264,0.0115,output_step/iterations/axisx_theta180/it112_success
axisx_theta180,113,success,4840.714505,69.5428,68,264,0.0117,output_step/iterations/axisx_theta180/it113_success
axisx_theta180,114,success,4840.714505,69.5428,68,264,0.0115,output_step/iterations/axisx_theta180/it114_success
axisx_theta180,115,success,4840.714505,69.5428,68,264,0.0116,output_step/iterations/axisx_theta180/it115_success
axisx_theta180,116,success,4840.714505,69.5428,68,264,0.0117,output_step/iterations/axisx_theta180/it116_success
axisx_theta180,117,success,4840.714505,69.5428,68,264,0.0116,output_step/iterations/axisx_theta180/it117_success
axisx_theta180,118,success,4840.714505,69.5428,68,264,0.0114,output_step/iterations/axisx_theta180/it118_success
axisx_theta180,119,success,4840.714505,69.5428,68,264,0.0115,output_step/iterations/axisx_theta180/it119_success
axisx_theta180,120,success,4840.714505,69.5428,68,264,0.0118,output_step/iterations/axisx_theta180/it120_success
axisx_theta180,121,success,4840.714505,69.5428,68,264,0.0116,output_step/iterations/axisx_theta180/it121_success
axisx_theta180,122,success,4840.714505,69.5428,68,264,0.0117,output_step/iterations/axisx_theta180/it122_success
axisx_theta180,123,success,4840.714505,69.5428,68,264,0.0117,output_step/iterations/axisx_theta180/it123_success
axisx_theta180,124,success,4840.714505,69.5428,68,264,0.0131,output_step/iterations/axisx_theta180/it124_success
axisx_theta180,125,success,4840.714505,69.5428,68,264,0.0121,output_step/iterations/axisx_theta180/it125_success
axisx_theta180,126,success,4840.714505,69.5428,68,264,0.0123,output_step/iterations/axisx_theta180/it126_success
axisx_theta180,127,success,4840.714505,69.5428,68,264,0.0115,output_step/iterations/axisx_theta180/it127_success
axisx_theta180,128,success,4840.714505,69.5428,68,264,0.0115,output_step/iterations/axisx_theta180/it128_success
axisx_theta180,129,success,4840.714505,69.5428,68,264,0.0117,output_step/iterations/axisx_theta180/it129_success
axisx_theta180,130,success,4840.714505,69.5428,68,264,0.0115,output_step/iterations/axisx_theta180/it130_success
axisx_theta180,131,success,4840.714505,69.5428,68,264,0.0115,output_step/iterations/axisx_theta180/it131_success
axisx_theta180,132,success,4840.714505,69.5428,68,264,0.0116,output_step/iterations/axisx_theta180/it132_success
axisx_theta180,133,success,4840.714505,69.5428,68,264,0.0118,output_step/iterations/axisx_theta180/it133_success
axisx_theta180,134,success,4840.714505,69.5428,68,264,0.0116,output_step/iterations/axisx_theta180/it134_success
axisx_theta180,135,success,4840.714505,69.5428,68,264,0.0117,output_step/iterations/axisx_theta180/it135_success
axisx_theta180,136,success,4840.714505,69.5428,68,264,0.0115,output_step/iterations/axisx_theta180/it136_success
axisx_theta180,137,success,4840.714505,69.5428,68,264,0.0117,output_step/iterations/axisx_theta180/it137_success
axisx_theta180,138,success,4840.714505,69.5428,68,264,0.0116,output_step/iterations/axisx_theta180/it138_success
axisx_theta180,139,success,4840.714505,69.5428,68,264,0.0115,output_step/iterations/axisx_theta180/it139_success
axisx_theta180,140,success,4840.714505,69.5428,68,264,0.0116,output_step/iterations/axisx_theta180/it140_success
axisx_theta180,141,success,4840.714505,69.5428,68,264,0.0115,output_step/iterations/axisx_theta180/it141_success
axisx_theta180,142,success,4840.714505,69.5428,68,264,0.0116,output_step/iterations/axisx_theta180/it142_success
axisx_theta180,143,success,4840.714505,69.5428,68,264,0.0115,output_step/iterations/axisx_theta180/it143_success
axisx_theta180,144,success,4840.714505,69.5428,68,264,0.0118,output_step/iterations/axisx_theta180/it144_success
axisx_theta180,145,success,4840.714505,69.5428,68,264,0.0116,output_step/iterations/axisx_theta180/it145_success
axisx_theta180,146,success,4840.714505,69.5428,68,264,0.0111,output_step/iterations/axisx_theta180/it146_success
axisx_theta180,147,success,4840.714505,69.5428,68,264,0.0116,output_step/iterations/axisx_theta180/it147_success
axisx_theta180,148,success,4840.714505,69.5428,68,264,0.0118,output_step/iterations/axisx_theta180/it148_success
axisx_theta180,149,success,4840.714505,69.5428,68,264,0.0114,output_step/iterations/axisx_theta180/it149_success
axisx_theta180,150,success,4840.714505,69.5428,68,264,0.0118,output_step/iterations/axisx_theta180/it150_success
axisx_theta180,151,success,4840.714505,69.5428,68,264,0.0115,output_step/iterations/axisx_theta180/it151_success
axisx_theta180,152,success,4840.714505,69.5428,68,264,0.0116,output_step/iterations/axisx_theta180/it152_success
axisx_theta180,153,success,4840.714505,69.5428,68,264,0.0116,output_step/iterations/axisx_theta180/it153_success
axisx_theta180,154,success,4840.714505,69.5428,68,264,0.0118,output_step/iterations/axisx_theta180/it154_success
axisx_theta180,155,success,4840.714505,69.5428,68,264,0.0115,output_step/iterations/axisx_theta180/it155_success
axisx_theta180,156,success,4840.714505,69.5428,68,264,0.0118,output_step/iterations/axisx_theta180/it156_success
axisx_theta180,157,success,4840.714505,69.5428,68,264,0.0116,output_step/iterations/axisx_theta180/it157_success
axisx_theta180,158,success,4840.714505,69.5428,68,264,0.0114,output_step/iterations/axisx_theta180/it158_success
axisx_theta180,159,success,4840.714505,69.5428,68,264,0.0115,output_step/iterations/axisx_theta180/it159_success
axisx_theta180,160,success,4840.714505,69.5428,68,264,0.0118,output_step/iterations/axisx_theta180/it160_success
axisx_theta180,161,success,4840.714505,69.5428,68,264,0.0117,output_step/iterations/axisx_theta180/it161_success
axisx_theta180,162,success,4840.714505,69.5428,68,264,0.0112,output_step/iterations/axisx_theta180/it162_success
axisx_theta180,163,success,4840.714505,69.5428,68,264,0.0117,output_step/iterations/axisx_theta180/it163_success
axisx_theta180,164,success,4840.714505,69.5428,68,264,0.0116,output_step/iterations/axisx_theta180/it164_success
axisx_theta180,165,success,4840.714505,69.5428,68,264,0.0118,output_step/iterations/axisx_theta180/it165_success
axisx_theta180,166,success,4840.714505,69.5428,68,264,0.0117,output_step/iterations/axisx_theta180/it166_success
axisx_theta180,167,success,4840.714505,69.5428,68,264,0.0115,output_step/iterations/axisx_theta180/it167_success
axisx_theta180,168,success,4840.714505,69.5428,68,264,0.0117,output_step/iterations/axisx_theta180/it168_success
axisx_theta180,169,success,4840.714505,69.5428,68,264,0.0114,output_step/iterations/axisx_theta180/it169_success
axisx_theta180,170,success,4840.714505,69.5428,68,264,0.0116,output_step/iterations/axisx_theta180/it170_success
axisx_theta180,171,success,4840.714505,69.5428,68,264,0.0113,output_step/iterations/axisx_theta180/it171_success
axisx_theta180,172,success,4840.714505,69.5428,68,264,0.0115,output_step/iterations/axisx_theta180/it172_success
axisx_theta180,173,success,4840.714505,69.5428,68,264,0.0117,output_step/iterations/axisx_theta180/it173_success
axisx_theta180,174,success,4840.714505,69.5428,68,264,0.0115,output_step/iterations/axisx_theta180/it174_success
axisx_theta180,175,success,4840.714505,69.5428,68,264,0.0118,output_step/iterations/axisx_theta180/it175_success
axisx_theta180,176,success,4840.714505,69.5428,68,264,0.0118,output_step/iterations/axisx_theta180/it176_success
axisx_theta180,177,success,4840.714505,69.5428,68,264,0.0119,output_step/iterations/axisx_theta180/it177_success
axisx_theta180,178,success,4840.714505,69.5428,68,264,0.0115,output_step/iterations/axisx_theta180/it178_success
axisx_theta180,179,success,4840.714505,69.5428,68,264,0.0117,output_step/iterations/axisx_theta180/it179_success
axisx_theta180,180,success,4840.714505,69.5428,68,264,0.0117,output_step/iterations/axisx_theta180/it180_success
axisx_theta180,181,success,4840.714505,69.5428,68,264,0.0115,output_step/iterations/axisx_theta180/it181_success
axisx_theta180,182,success,4840.714505,69.5428,68,264,0.0119,output_step/iterations/axisx_theta180/it182_success
axisx_theta180,183,success,4840.714505,69.5428,68,264,0.0116,output_step/iterations/axisx_theta180/it183_success
axisx_theta180,184,success,4840.714505,69.5428,68,264,0.0117,output_step/iterations/axisx_theta180/it184_success
axisx_theta180,185,success,4840.714505,69.5428,68,264,0.0116,output_step/iterations/axisx_theta180/it185_success
axisx_theta180,186,success,4840.714505,69.5428,68,264,0.0114,output_step/iterations/axisx_theta180/it186_success
axisx_theta180,187,success,4840.714505,69.5428,68,264,0.0116,output_step/iterations/axisx_theta180/it187_success
axisx_theta180,188,success,4840.714505,69.5428,68,264,0.0115,output_step/iterations/axisx_theta180/it188_success
axisx_theta180,189,success,4840.714505,69.5428,68,264,0.0116,output_step/iterations/axisx_theta180/it189_success
axisx_theta180,190,success,4840.714505,69.5428,68,264,0.0128,output_step/iterations/axisx_theta180/it190_success
axisx_theta180,191,success,4840.714505,69.5428,68,264,0.0118,output_step/iterations/axisx_theta180/it191_success
axisx_theta180,192,success,4840.714505,69.5428,68,264,0.0116,output_step/iterations/axisx_theta180/it192_success
axisx_theta180,193,success,4840.714505,69.5428,68,264,0.0115,output_step/iterations/axisx_theta180/it193_success
axisx_theta180,194,success,4840.714505,69.5428,68,264,0.0118,output_step/iterations/axisx_theta180/it194_success
axisx_theta180,195,success,4840.714505,69.5428,68,264,0.0115,output_step/iterations/axisx_theta180/it195_success
axisx_theta180,196,success,4840.714505,69.5428,68,264,0.0117,output_step/iterations/axisx_theta180/it196_success
axisx_theta180,197,success,4840.714505,69.5428,68,264,0.0115,output_step/iterations/axisx_theta180/it197_success
axisx_theta180,198,success,4840.714505,69.5428,68,264,0.0114,output_step/iterations/axisx_theta180/it198_success
axisx_theta180,199,success,4840.714505,69.5428,68,264,0.0117,output_step/iterations/axisx_theta180/it199_success
axisx_theta180,200,success,4840.714505,69.5428,68,264,0.0113,output_step/iterations/axisx_theta180/it200_success
axisx_theta180,201,success,4840.714505,69.5428,68,264,0.0118,output_step/iterations/axisx_theta180/it201_success
axisx_theta180,202,success,4840.714505,69.5428,68,264,0.0116,output_step/iterations/axisx_theta180/it202_success
axisx_theta180,203,success,4840.714505,69.5428,68,264,0.0116,output_step/iterations/axisx_theta180/it203_success
axisx_theta180,204,success,4840.714505,69.5428,68,264,0.0116,output_step/iterations/axisx_theta180/it204_success
axisx_theta180,205,success,4840.714505,69.5428,68,264,0.0118,output_step/iterations/axisx_theta180/it205_success
axisx_theta180,206,success,4840.714505,69.5428,68,264,0.0116,output_step/iterations/axisx_theta180/it206_success
axisx_theta180,207,success,4840.714505,69.5428,68,264,0.0115,output_step/iterations/axisx_theta180/it207_success
axisx_theta180,208,success,4840.714505,69.5428,68,264,0.0113,output_step/iterations/axisx_theta180/it208_success
axisx_theta180,209,success,4840.714505,69.5428,68,264,0.0118,output_step/iterations/axisx_theta180/it209_success
axisx_theta180,210,success,4840.714505,69.5428,68,264,0.0117,output_step/iterations/axisx_theta180/it210_success
axisx_theta180,211,success,4840.714505,69.5428,68,264,0.0117,output_step/iterations/axisx_theta180/it211_success
axisx_theta180,212,success,4840.714505,69.5428,68,264,0.0118,output_step/iterations/axisx_theta180/it212_success
axisx_theta180,213,success,4840.714505,69.5428,68,264,0.0117,output_step/iterations/axisx_theta180/it213_success
axisx_theta180,214,success,4840.714505,69.5428,68,264,0.0114,output_step/iterations/axisx_theta180/it214_success
axisx_theta180,215,success,4840.714505,69.5428,68,264,0.0119,output_step/iterations/axisx_theta180/it215_success
axisx_theta180,216,success,4840.714505,69.5428,68,264,0.0115,output_step/iterations/axisx_theta180/it216_success
axisx_theta180,217,success,4840.714505,69.5428,68,264,0.0117,output_step/iterations/axisx_theta180/it217_success
axisx_theta180,218,success,4840.714505,69.5428,68,264,0.0114,output_step/iterations/axisx_theta180/it218_success
axisx_theta180,219,success,4840.714505,69.5428,68,264,0.0117,output_step/iterations/axisx_theta180/it219_success
axisx_theta180,220,success,4840.714505,69.5428,68,264,0.0115,output_step/iterations/axisx_theta180/it220_success
axisx_theta180,221,success,4840.714505,69.5428,68,264,0.0117,output_step/iterations/axisx_theta180/it221_success
axisx_theta180,222,success,4840.714505,69.5428,68,264,0.0117,output_step/iterations/axisx_theta180/it222_success
axisx_theta180,223,success,4840.714505,69.5428,68,264,0.0116,output_step/iterations/axisx_theta180/it223_success
axisx_theta180,224,success,4840.714505,69.5428,68,264,0.0118,output_step/iterations/axisx_theta180/it224_success
axisx_theta180,225,success,4840.714505,69.5428,68,264,0.0115,output_step/iterations/axisx_theta180/it225_success
axisx_theta180,226,success,4840.714505,69.5428,68,264,0.0122,output_step/iterations/axisx_theta180/it226_success
axisx_theta180,227,success,4840.714505,69.5428,68,264,0.0117,output_step/iterations/axisx_theta180/it227_success
axisx_theta180,228,success,4840.714505,69.5428,68,264,0.0115,output_step/iterations/axisx_theta180/it228_success
axisx_theta180,229,success,4840.714505,69.5428,68,264,0.0118,output_step/iterations/axisx_theta180/it229_success
axisx_theta180,230,success,4840.714505,69.5428,68,264,0.0115,output_step/iterations/axisx_theta180/it230_success
axisx_theta180,231,success,4840.714505,69.5428,68,264,0.0117,output_step/iterations/axisx_theta180/it231_success
axisx_theta180,232,success,4840.714505,69.5428,68,264,0.0117,output_step/iterations/axisx_theta180/it232_success
axisx_theta180,233,success,4840.714505,69.5428,68,264,0.0115,output_step/iterations/axisx_theta180/it233_success
axisx_theta180,234,success,4840.714505,69.5428,68,264,0.0116,output_step/iterations/axisx_theta180/it234_success
axisx_theta180,235,success,4840.714505,69.5428,68,264,0.0118,output_step/iterations/axisx_theta180/it235_success
axisx_theta180,236,success,4840.714505,69.5428,68,264,0.0116,output_step/iterations/axisx_theta180/it236_success
axisx_theta180,237,success,4840.714505,69.5428,68,264,0.0117,output_step/iterations/axisx_theta180/it237_success
axisx_theta180,238,success,4840.714505,69.5428,68,264,0.0115,output_step/iterations/axisx_theta180/it238_success
axisx_theta180,239,success,4840.714505,69.5428,68,264,0.0116,output_step/iterations/axisx_theta180/it239_success
axisx_theta180,240,success,4840.714505,69.5428,68,264,0.0115,output_step/iterations/axisx_theta180/it240_success
axisx_theta180,241,success,4840.714505,69.5428,68,264,0.0115,output_step/iterations/axisx_theta180/it241_success
axisx_theta180,242,success,4840.714505,69.5428,68,264,0.0114,output_step/iterations/axisx_theta180/it242_success
axisx_theta180,243,success,4840.714505,69.5428,68,264,0.0126,output_step/iterations/axisx_theta180/it243_success
axisx_theta180,244,success,4840.714505,69.5428,68,264,0.0116,output_step/iterations/axisx_theta180/it244_success
axisx_theta180,245,success,4840.714505,69.5428,68,264,0.0116,output_step/iterations/axisx_theta180/it245_success
axisx_theta180,246,success,4840.714505,69.5428,68,264,0.0115,output_step/iterations/axisx_theta180/it246_success
axisx_theta180,247,success,4840.714505,69.5428,68,264,0.0114,output_step/iterations/axisx_theta180/it247_success
axisx_theta180,248,success,4840.714505,69.5428,68,264,0.0117,output_step/iterations/axisx_theta180/it248_success
axisx_theta180,249,success,4840.714505,69.5428,68,264,0.0116,output_step/iterations/axisx_theta180/it249_success
axisx_theta180,250,success,4840.714505,69.5428,68,264,0.0116,output_step/iterations/axisx_theta180/it250_success
axisx_theta180,251,success,4840.714505,69.5428,68,264,0.0115,output_step/iterations/axisx_theta180/it251_success
axisx_theta180,252,success,4840.714505,69.5428,68,264,0.0118,output_step/iterations/axisx_theta180/it252_success
axisx_theta180,253,success,4840.714505,69.5428,68,264,0.0114,output_step/iterations/axisx_theta180/it253_success
axisx_theta180,254,success,4840.714505,69.5428,68,264,0.0116,output_step/iterations/axisx_theta180/it254_success
axisx_theta180,255,success,4840.714505,69.5428,68,264,0.0113,output_step/iterations/axisx_theta180/it255_success
axisx_theta180,256,success,4840.714505,69.5428,68,264,0.0114,output_step/iterations/axisx_theta180/it256_success
axisx_theta180,257,success,4840.714505,69.5428,68,264,0.0114,output_step/iterations/axisx_theta180/it257_success
axisx_theta180,258,success,4840.714505,69.5428,68,264,0.0118,output_step/iterations/axisx_theta180/it258_success
axisx_theta180,259,success,4840.714505,69.5428,68,264,0.0117,output_step/iterations/axisx_theta180/it259_success
axisx_theta180,260,success,4840.714505,69.5428,68,264,0.0116,output_step/iterations/axisx_theta180/it260_success
axisx_theta180,261,success,4840.714505,69.5428,68,264,0.0118,output_step/iterations/axisx_theta180/it261_success
axisx_theta180,262,success,4840.714505,69.5428,68,264,0.0117,output_step/iterations/axisx_theta180/it262_success
axisx_theta180,263,success,4840.714505,69.5428,68,264,0.0116,output_step/iterations/axisx_theta180/it263_success
axisx_theta180,264,success,4840.714505,69.5428,68,264,0.0117,output_step/iterations/axisx_theta180/it264_success
axisx_theta180,265,success,4840.714505,69.5428,68,264,0.0118,output_step/iterations/axisx_theta180/it265_success
axisx_theta180,266,success,4840.714505,69.5428,68,264,0.0117,output_step/iterations/axisx_theta180/it266_success
axisx_theta180,267,success,4840.714505,69.5428,68,264,0.0114,output_step/iterations/axisx_theta180/it267_success
axisx_theta180,268,success,4840.714505,69.5428,68,264,0.0118,output_step/iterations/axisx_theta180/it268_success
axisx_theta180,269,success,4840.714505,69.5428,68,264,0.0116,output_step/iterations/axisx_theta180/it269_success
axisx_theta180,270,success,4840.714505,69.5428,68,264,0.0115,output_step/iterations/axisx_theta180/it270_success
axisx_theta180,271,success,4840.714505,69.5428,68,264,0.0115,output_step/iterations/axisx_theta180/it271_success
axisx_theta180,272,success,4840.714505,69.5428,68,264,0.0116,output_step/iterations/axisx_theta180/it272_success
axisx_theta180,273,success,4840.714505,69.5428,68,264,0.0116,output_step/iterations/axisx_theta180/it273_success
axisx_theta180,274,success,4840.714505,69.5428,68,264,0.0116,output_step/iterations/axisx_theta180/it274_success
axisx_theta180,275,success,4840.714505,69.5428,68,264,0.0115,output_step/iterations/axisx_theta180/it275_success
axisx_theta180,276,success,4840.714505,69.5428,68,264,0.0118,output_step/iterations/axisx_theta180/it276_success
axisx_theta180,277,success,4840.714505,69.5428,68,264,0.0119,output_step/iterations/axisx_theta180/it277_success
axisx_theta180,278,success,4840.714505,69.5428,68,264,0.0117,output_step/iterations/axisx_theta180/it278_success
axisx_theta180,279,success,4840.714505,69.5428,68,264,0.0116,output_step/iterations/axisx_theta180/it279_success
axisx_theta180,280,success,4840.714505,69.5428,68,264,0.0117,output_step/iterations/axisx_theta180/it280_success
axisx_theta180,281,success,4840.714505,69.5428,68,264,0.0116,output_step/iterations/axisx_theta180/it281_success
axisx_theta180,282,success,4840.714505,69.5428,68,264,0.0117,output_step/iterations/axisx_theta180/it282_success
axisx_theta180,283,success,4840.714505,69.5428,68,264,0.0114,output_step/iterations/axisx_theta180/it283_success
axisx_theta180,284,success,4840.714505,69.5428,68,264,0.0115,output_step/iterations/axisx_theta180/it284_success
axisx_theta180,285,success,4840.714505,69.5428,68,264,0.0117,output_step/iterations/axisx_theta180/it285_success
axisx_theta180,286,success,4840.714505,69.5428,68,264,0.0135,output_step/iterations/axisx_theta180/it286_success
axisx_theta180,287,success,4840.714505,69.5428,68,264,0.0119,output_step/iterations/axisx_theta180/it287_success
axisx_theta180,288,success,4840.714505,69.5428,68,264,0.0124,output_step/iterations/axisx_theta180/it288_success
axisx_theta180,289,success,4840.714505,69.5428,68,264,0.0116,output_step/iterations/axisx_theta180/it289_success
axisx_theta180,290,success,4840.714505,69.5428,68,264,0.0115,output_step/iterations/axisx_theta180/it290_success
axisx_theta180,291,success,4840.714505,69.5428,68,264,0.0117,output_step/iterations/axisx_theta180/it291_success
axisx_theta180,292,success,4840.714505,69.5428,68,264,0.0119,output_step/iterations/axisx_theta180/it292_success
axisx_theta180,293,success,4840.714505,69.5428,68,264,0.0115,output_step/iterations/axisx_theta180/it293_success
axisx_theta180,294,success,4840.714505,69.5428,68,264,0.0116,output_step/iterations/axisx_theta180/it294_success
axisx_theta180,295,success,4840.714505,69.5428,68,264,0.0115,output_step/iterations/axisx_theta180/it295_success
axisx_theta180,296,success,4840.714505,69.5428,68,264,0.0118,output_step/iterations/axisx_theta180/it296_success
axisx_theta180,297,success,4840.714505,69.5428,68,264,0.0115,output_step/iterations/axisx_theta180/it297_success
axisx_theta180,298,success,4840.714505,69.5428,68,264,0.0114,output_step/iterations/axisx_theta180/it298_success
axisx_theta180,299,success,4840.714505,69.5428,68,264,0.0116,output_step/iterations/axisx_theta180/it299_success
axisx_theta180,300,success,4840.714505,69.5428,68,264,0.0115,output_step/iterations/axisx_theta180/it300_success
axisx_theta180,301,success,4840.714505,69.5428,68,264,0.012,output_step/iterations/axisx_theta180/it301_success
axisx_theta180,302,success,4840.714505,69.5428,68,264,0.0115,output_step/iterations/axisx_theta180/it302_success
axisx_theta180,303,success,4840.714505,69.5428,68,264,0.0115,output_step/iterations/axisx_theta180/it303_success
axisx_theta180,304,success,4840.714505,69.5428,68,264,0.0118,output_step/iterations/axisx_theta180/it304_success
axisx_theta180,305,success,4840.714505,69.5428,68,264,0.0117,output_step/iterations/axisx_theta180/it305_success
axisx_theta180,306,success,4840.714505,69.5428,68,264,0.0115,output_step/iterations/axisx_theta180/it306_success
axisx_theta180,307,success,4840.714505,69.5428,68,264,0.0116,output_step/iterations/axisx_theta180/it307_success
axisx_theta180,308,success,4840.714505,69.5428,68,264,0.0116,output_step/iterations/axisx_theta180/it308_success
axisx_theta180,309,success,4840.714505,69.5428,68,264,0.0116,output_step/iterations/axisx_theta180/it309_success
axisx_theta180,310,success,4840.714505,69.5428,68,264,0.0116,output_step/iterations/axisx_theta180/it310_success
axisx_theta180,311,success,4840.714505,69.5428,68,264,0.0113,output_step/iterations/axisx_theta180/it311_success
axisx_theta180,312,success,4840.714505,69.5428,68,264,0.0118,output_step/iterations/axisx_theta180/it312_success
axisx_theta180,313,success,4840.714505,69.5428,68,264,0.0116,output_step/iterations/axisx_theta180/it313_success
axisx_theta180,314,success,4840.714505,69.5428,68,264,0.0116,output_step/iterations/axisx_theta180/it314_success
axisx_theta180,315,success,4840.714505,69.5428,68,264,0.0116,output_step/iterations/axisx_theta180/it315_success
axisx_theta180,316,success,4840.714505,69.5428,68,264,0.0118,output_step/iterations/axisx_theta180/it316_success
axisx_theta180,317,success,4840.714505,69.5428,68,264,0.0118,output_step/iterations/axisx_theta180/it317_success
axisx_theta180,318,success,4840.714505,69.5428,68,264,0.0115,output_step/iterations/axisx_theta180/it318_success
axisx_theta180,319,success,4840.714505,69.5428,68,264,0.0117,output_step/iterations/axisx_theta180/it319_success
axisx_theta180,320,success,4840.714505,69.5428,68,264,0.0113,output_step/iterations/axisx_theta180/it320_success
axisx_theta180,321,success,4840.714505,69.5428,68,264,0.0117,output_step/iterations/axisx_theta180/it321_success
axisx_theta180,322,success,4840.714505,69.5428,68,264,0.0114,output_step/iterations/axisx_theta180/it322_success
axisx_theta180,323,success,4840.714505,69.5428,68,264,0.0115,output_step/iterations/axisx_theta180/it323_success
axisx_theta180,324,success,4840.714505,69.5428,68,264,0.0118,output_step/iterations/axisx_theta180/it324_success
axisx_theta180,325,success,4840.714505,69.5428,68,264,0.0115,output_step/iterations/axisx_theta180/it325_success
axisx_theta180,326,success,4840.714505,69.5428,68,264,0.0117,output_step/iterations/axisx_theta180/it326_success
axisx_theta180,327,success,4840.714505,69.5428,68,264,0.0119,output_step/iterations/axisx_theta180/it327_success
axisx_theta180,328,success,4840.714505,69.5428,68,264,0.0116,output_step/iterations/axisx_theta180/it328_success
axisx_theta180,329,success,4840.714505,69.5428,68,264,0.0117,output_step/iterations/axisx_theta180/it329_success
axisx_theta180,330,success,4840.714505,69.5428,68,264,0.0116,output_step/iterations/axisx_theta180/it330_success
axisx_theta180,331,success,4840.714505,69.5428,68,264,0.0113,output_step/iterations/axisx_theta180/it331_success
axisx_theta180,332,success,4840.714505,69.5428,68,264,0.0117,output_step/iterations/axisx_theta180/it332_success
axisx_theta180,333,success,4840.714505,69.5428,68,264,0.0114,output_step/iterations/axisx_theta180/it333_success
axisx_theta180,334,success,4840.714505,69.5428,68,264,0.0116,output_step/iterations/axisx_theta180/it334_success
axisx_theta180,335,success,4840.714505,69.5428,68,264,0.0112,output_step/iterations/axisx_theta180/it335_success
axisx_theta180,336,success,4840.714505,69.5428,68,264,0.0117,output_step/iterations/axisx_theta180/it336_success
axisx_theta180,337,success,4840.714505,69.5428,68,264,0.0118,output_step/iterations/axisx_theta180/it337_success
axisx_theta180,338,success,4840.714505,69.5428,68,264,0.0115,output_step/iterations/axisx_theta180/it338_success
axisx_theta180,339,success,4840.714505,69.5428,68,264,0.0117,output_step/iterations/axisx_theta180/it339_success
axisx_theta180,340,success,4840.714505,69.5428,68,264,0.0116,output_step/iterations/axisx_theta180/it340_success
axisx_theta180,341,success,4840.714505,69.5428,68,264,0.0118,output_step/iterations/axisx_theta180/it341_success
axisx_theta180,342,success,4840.714505,69.5428,68,264,0.0116,output_step/iterations/axisx_theta180/it342_success
axisx_theta180,343,success,4840.714505,69.5428,68,264,0.0116,output_step/iterations/axisx_theta180/it343_success
axisx_theta180,344,success,4840.714505,69.5428,68,264,0.0118,output_step/iterations/axisx_theta180/it344_success
axisx_theta180,345,success,4840.714505,69.5428,68,264,0.0116,output_step/iterations/axisx_theta180/it345_success
axisx_theta180,346,success,4840.714505,69.5428,68,264,0.0116,output_step/iterations/axisx_theta180/it346_success
axisx_theta180,347,success,4840.714505,69.5428,68,264,0.0114,output_step/iterations/axisx_theta180/it347_success
axisx_theta180,348,success,4840.714505,69.5428,68,264,0.0116,output_step/iterations/axisx_theta180/it348_success
axisx_theta180,349,success,4840.714505,69.5428,68,264,0.0118,output_step/iterations/axisx_theta180/it349_success
axisx_theta180,350,success,4840.714505,69.5428,68,264,0.0115,output_step/iterations/axisx_theta180/it350_success
axisx_theta180,351,success,4840.714505,69.5428,68,264,0.0117,output_step/iterations/axisx_theta180/it351_success
axisx_theta180,352,success,4840.714505,69.5428,68,264,0.0118,output_step/iterations/axisx_theta180/it352_success
axisx_theta180,353,success,4840.714505,69.5428,68,264,0.0117,output_step/iterations/axisx_theta180/it353_success
axisx_theta180,354,success,4840.714505,69.5428,68,264,0.0115,output_step/iterations/axisx_theta180/it354_success
axisx_theta180,355,success,4840.714505,69.5428,68,264,0.0117,output_step/iterations/axisx_theta180/it355_success
axisx_theta180,356,success,4840.714505,69.5428,68,264,0.0117,output_step/iterations/axisx_theta180/it356_success
axisx_theta180,357,success,4840.714505,69.5428,68,264,0.0117,output_step/iterations/axisx_theta180/it357_success
axisx_theta180,358,success,4840.714505,69.5428,68,264,0.0116,output_step/iterations/axisx_theta180/it358_success
axisx_theta180,359,success,4840.714505,69.5428,68,264,0.0115,output_step/iterations/axisx_theta180/it359_success
axisx_theta180,360,success,4840.714505,69.5428,68,264,0.0115,output_step/iterations/axisx_theta180/it360_success
axisx_theta180,361,success,4840.714505,69.5428,68,264,0.0115,output_step/iterations/axisx_theta180/it361_success
axisx_theta180,362,success,4840.714505,69.5428,68,264,0.0118,output_step/iterations/axisx_theta180/it362_success
axisx_theta180,363,success,4840.714505,69.5428,68,264,0.0116,output_step/iterations/axisx_theta180/it363_success
axisx_theta180,364,success,4840.714505,69.5428,68,264,0.0114,output_step/iterations/axisx_theta180/it364_success
axisx_theta180,365,success,4840.714505,69.5428,68,264,0.0116,output_step/iterations/axisx_theta180/it365_success
axisx_theta180,366,success,4840.714505,69.5428,68,264,0.0113,output_step/iterations/axisx_theta180/it366_success
axisx_theta180,367,success,4840.714505,69.5428,68,264,0.0118,output_step/iterations/axisx_theta180/it367_success
axisx_theta180,368,success,4840.714505,69.5428,68,264,0.0115,output_step/iterations/axisx_theta180/it368_success
axisx_theta180,369,success,4840.714505,69.5428,68,264,0.0117,output_step/iterations/axisx_theta180/it369_success
axisx_theta180,370,success,4840.714505,69.5428,68,264,0.0116,output_step/iterations/axisx_theta180/it370_success
axisx_theta180,371,success,4840.714505,69.5428,68,264,0.0117,output_step/iterations/axisx_theta180/it371_success
axisx_theta180,372,success,4840.714505,69.5428,68,264,0.0117,output_step/iterations/axisx_theta180/it372_success
axisx_theta180,373,success,4840.714505,69.5428,68,264,0.0115,output_step/iterations/axisx_theta180/it373_success
axisx_theta180,374,success,4840.714505,69.5428,68,264,0.0118,output_step/iterations/axisx_theta180/it374_success
axisx_theta180,375,success,4840.714505,69.5428,68,264,0.0117,output_step/iterations/axisx_theta180/it375_success
axisx_theta180,376,success,4840.714505,69.5428,68,264,0.0118,output_step/iterations/axisx_theta180/it376_success
axisx_theta180,377,success,4840.714505,69.5428,68,264,0.0119,output_step/iterations/axisx_theta180/it377_success
axisx_theta180,378,success,4840.714505,69.5428,68,264,0.0116,output_step/iterations/axisx_theta180/it378_success
axisx_theta180,379,success,4840.714505,69.5428,68,264,0.0115,output_step/iterations/axisx_theta180/it379_success
axisx_theta180,380,success,4840.714505,69.5428,68,264,0.0113,output_step/iterations/axisx_theta180/it380_success
axisx_theta180,381,success,4840.714505,69.5428,68,264,0.0116,output_step/iterations/axisx_theta180/it381_success
axisx_theta180,382,success,4840.714505,69.5428,68,264,0.0116,output_step/iterations/axisx_theta180/it382_success
axisx_theta180,383,success,4840.714505,69.5428,68,264,0.0118,output_step/iterations/axisx_theta180/it383_success
axisx_theta180,384,success,4840.714505,69.5428,68,264,0.0118,output_step/iterations/axisx_theta180/it384_success
axisx_theta180,385,success,4840.714505,69.5428,68,264,0.0116,output_step/iterations/axisx_theta180/it385_success
axisx_theta180,386,success,4840.714505,69.5428,68,264,0.0115,output_step/iterations/axisx_theta180/it386_success
axisx_theta180,387,success,4840.714505,69.5428,68,264,0.0119,output_step/iterations/axisx_theta180/it387_success
axisx_theta180,388,success,4840.714505,69.5428,68,264,0.0115,output_step/iterations/axisx_theta180/it388_success
axisx_theta180,389,success,4840.714505,69.5428,68,264,0.0117,output_step/iterations/axisx_theta180/it389_success
axisx_theta180,390,success,4840.714505,69.5428,68,264,0.0119,output_step/iterations/axisx_theta180/it390_success
axisx_theta180,391,success,4840.714505,69.5428,68,264,0.0116,output_step/iterations/axisx_theta180/it391_success
axisx_theta180,392,success,4840.714505,69.5428,68,264,0.0118,output_step/iterations/axisx_theta180/it392_success
axisx_theta180,393,success,4840.714505,69.5428,68,264,0.013,output_step/iterations/axisx_theta180/it393_success
axisx_theta180,394,success,4840.714505,69.5428,68,264,0.0115,output_step/iterations/axisx_theta180/it394_success
axisx_theta180,395,success,4840.714505,69.5428,68,264,0.0116,output_step/iterations/axisx_theta180/it395_success
axisx_theta180,396,success,4840.714505,69.5428,68,264,0.0116,output_step/iterations/axisx_theta180/it396_success
axisx_theta180,397,success,4840.714505,69.5428,68,264,0.0115,output_step/iterations/axisx_theta180/it397_success
axisx_theta180,398,success,4840.714505,69.5428,68,264,0.0114,output_step/iterations/axisx_theta180/it398_success
axisx_theta180,399,success,4840.714505,69.5428,68,264,0.0116,output_step/iterations/axisx_theta180/it399_success
axisx_theta180,400,success,4840.714505,69.5428,68,264,0.0114,output_step/iterations/axisx_theta180/it400_success
axisx_theta180,401,success,4840.714505,69.5428,68,264,0.0116,output_step/iterations/axisx_theta180/it401_success
axisx_theta180,402,success,4840.714505,69.5428,68,264,0.0118,output_step/iterations/axisx_theta180/it402_success
axisx_theta180,403,success,4840.714505,69.5428,68,264,0.0116,output_step/iterations/axisx_theta180/it403_success
axisx_theta180,404,success,4840.714505,69.5428,68,264,0.0117,output_step/iterations/axisx_theta180/it404_success
axisx_theta180,405,success,4840.714505,69.5428,68,264,0.0116,output_step/iterations/axisx_theta180/it405_success
axisx_theta180,406,success,4840.714505,69.5428,68,264,0.0118,output_step/iterations/axisx_theta180/it406_success
axisx_theta180,407,success,4840.714505,69.5428,68,264,0.0116,output_step/iterations/axisx_theta180/it407_success
axisx_theta180,408,success,4840.714505,69.5428,68,264,0.0116,output_step/iterations/axisx_theta180/it408_success
axisx_theta180,409,success,4840.714505,69.5428,68,264,0.0116,output_step/iterations/axisx_theta180/it409_success
axisx_theta180,410,success,4840.714505,69.5428,68,264,0.0117,output_step/iterations/axisx_theta180/it410_success
axisx_theta180,411,success,4840.714505,69.5428,68,264,0.0113,output_step/iterations/axisx_theta180/it411_success
axisx_theta180,412,success,4840.714505,69.5428,68,264,0.0117,output_step/iterations/axisx_theta180/it412_success
axisx_theta180,413,success,4840.714505,69.5428,68,264,0.0115,output_step/iterations/axisx_theta180/it413_success
axisx_theta180,414,success,4840.714505,69.5428,68,264,0.0115,output_step/iterations/axisx_theta180/it414_success
axisx_theta180,415,success,4840.714505,69.5428,68,264,0.0119,output_step/iterations/axisx_theta180/it415_success
axisx_theta180,416,success,4840.714505,69.5428,68,264,0.0122,output_step/iterations/axisx_theta180/it416_success
axisx_theta180,417,success,4840.714505,69.5428,68,264,0.0117,output_step/iterations/axisx_theta180/it417_success
axisx_theta180,418,success,4840.714505,69.5428,68,264,0.0115,output_step/iterations/axisx_theta180/it418_success
axisx_theta180,419,success,4840.714505,69.5428,68,264,0.0115,output_step/iterations/axisx_theta180/it419_success
axisx_theta180,420,success,4840.714505,69.5428,68,264,0.0116,output_step/iterations/axisx_theta180/it420_success
axisx_theta180,421,success,4840.714505,69.5428,68,264,0.0117,output_step/iterations/axisx_theta180/it421_success
axisx_theta180,422,success,4840.714505,69.5428,68,264,0.0118,output_step/iterations/axisx_theta180/it422_success
axisx_theta180,423,success,4840.714505,69.5428,68,264,0.0115,output_step/iterations/axisx_theta180/it423_success
axisx_theta180,424,success,4840.714505,69.5428,68,264,0.0113,output_step/iterations/axisx_theta180/it424_success
axisx_theta180,425,success,4840.714505,69.5428,68,264,0.0116,output_step/iterations/axisx_theta180/it425_success
axisx_theta180,426,success,4840.714505,69.5428,68,264,0.0117,output_step/iterations/axisx_theta180/it426_success
axisx_theta180,427,success,4840.714505,69.5428,68,264,0.0118,output_step/iterations/axisx_theta180/it427_success
axisx_theta180,428,success,4840.714505,69.5428,68,264,0.0116,output_step/iterations/axisx_theta180/it428_success
axisx_theta180,429,success,4840.714505,69.5428,68,264,0.0117,output_step/iterations/axisx_theta180/it429_success
axisx_theta180,430,success,4840.714505,69.5428,68,264,0.0116,output_step/iterations/axisx_theta180/it430_success
axisx_theta180,431,success,4840.714505,69.5428,68,264,0.0117,output_step/iterations/axisx_theta180/it431_success
axisx_theta180,432,success,4840.714505,69.5428,68,264,0.0115,output_step/iterations/axisx_theta180/it432_success
axisx_theta180,433,success,4840.714505,69.5428,68,264,0.0115,output_step/iterations/axisx_theta180/it433_success
axisx_theta180,434,success,4840.714505,69.5428,68,264,0.0117,output_step/iterations/axisx_theta180/it434_success
axisx_theta180,435,success,4840.714505,69.5428,68,264,0.0116,output_step/iterations/axisx_theta180/it435_success
axisx_theta180,436,success,4840.714505,69.5428,68,264,0.0117,output_step/iterations/axisx_theta180/it436_success
axisx_theta180,437,success,4840.714505,69.5428,68,264,0.0118,output_step/iterations/axisx_theta180/it437_success
axisx_theta180,438,success,4840.714505,69.5428,68,264,0.0117,output_step/iterations/axisx_theta180/it438_success
axisx_theta180,439,success,4840.714505,69.5428,68,264,0.0113,output_step/iterations/axisx_theta180/it439_success
axisx_theta180,440,success,4840.714505,69.5428,68,264,0.0117,output_step/iterations/axisx_theta180/it440_success
axisx_theta180,441,success,4840.714505,69.5428,68,264,0.0114,output_step/iterations/axisx_theta180/it441_success
axisx_theta180,442,success,4840.714505,69.5428,68,264,0.0117,output_step/iterations/axisx_theta180/it442_success
axisx_theta180,443,success,4840.714505,69.5428,68,264,0.0114,output_step/iterations/axisx_theta180/it443_success
axisx_theta180,444,success,4840.714505,69.5428,68,264,0.0117,output_step/iterations/axisx_theta180/it444_success
axisx_theta180,445,success,4840.714505,69.5428,68,264,0.0117,output_step/iterations/axisx_theta180/it445_success
axisx_theta180,446,success,4840.714505,69.5428,68,264,0.0116,output_step/iterations/axisx_theta180/it446_success
axisx_theta180,447,success,4840.714505,69.5428,68,264,0.0117,output_step/iterations/axisx_theta180/it447_success
axisx_theta180,448,success,4840.714505,69.5428,68,264,0.0114,output_step/iterations/axisx_theta180/it448_success
axisx_theta180,449,success,4840.714505,69.5428,68,264,0.0116,output_step/iterations/axisx_theta180/it449_success
axisx_theta180,450,success,4840.714505,69.5428,68,264,0.0116,output_step/iterations/axisx_theta180/it450_success
axisx_theta180,451,success,4840.714505,69.5428,68,264,0.0118,output_step/iterations/axisx_theta180/it451_success
axisx_theta180,452,success,4840.714505,69.5428,68,264,0.0119,output_step/iterations/axisx_theta180/it452_success
axisx_theta180,453,success,4840.714505,69.5428,68,264,0.0116,output_step/iterations/axisx_theta180/it453_success
axisx_theta180,454,success,4840.714505,69.5428,68,264,0.0117,output_step/iterations/axisx_theta180/it454_success
axisx_theta180,455,success,4840.714505,69.5428,68,264,0.0117,output_step/iterations/axisx_theta180/it455_success
axisx_theta180,456,success,4840.714505,69.5428,68,264,0.0117,output_step/iterations/axisx_theta180/it456_success
axisx_theta180,457,success,4840.714505,69.5428,68,264,0.0119,output_step/iterations/axisx_theta180/it457_success
axisx_theta180,458,success,4840.714505,69.5428,68,264,0.0116,output_step/iterations/axisx_theta180/it458_success
axisx_theta180,459,success,4840.714505,69.5428,68,264,0.0118,output_step/iterations/axisx_theta180/it459_success
axisx_theta180,460,success,4840.714505,69.5428,68,264,0.0115,output_step/iterations/axisx_theta180/it460_success
axisx_theta180,461,success,4840.714505,69.5428,68,264,0.0114,output_step/iterations/axisx_theta180/it461_success
axisx_theta180,462,success,4840.714505,69.5428,68,264,0.0117,output_step/iterations/axisx_theta180/it462_success
axisx_theta180,463,success,4840.714505,69.5428,68,264,0.0114,output_step/iterations/axisx_theta180/it463_success
axisx_theta180,464,success,4840.714505,69.5428,68,264,0.0117,output_step/iterations/axisx_theta180/it464_success
axisx_theta180,465,success,4840.714505,69.5428,68,264,0.0111,output_step/iterations/axisx_theta180/it465_success
axisx_theta180,466,success,4840.714505,69.5428,68,264,0.0118,output_step/iterations/axisx_theta180/it466_success
axisx_theta180,467,success,4840.714505,69.5428,68,264,0.0114,output_step/iterations/axisx_theta180/it467_success
axisx_theta180,468,success,4840.714505,69.5428,68,264,0.0114,output_step/iterations/axisx_theta180/it468_success
axisx_theta180,469,success,4840.714505,69.5428,68,264,0.0117,output_step/iterations/axisx_theta180/it469_success
axisx_theta180,470,success,4840.714505,69.5428,68,264,0.0116,output_step/iterations/axisx_theta180/it470_success
axisx_theta180,471,success,4840.714505,69.5428,68,264,0.0115,output_step/iterations/axisx_theta180/it471_success
axisx_theta180,472,success,4840.714505,69.5428,68,264,0.0116,output_step/iterations/axisx_theta180/it472_success
axisx_theta180,473,success,4840.714505,69.5428,68,264,0.0119,output_step/iterations/axisx_theta180/it473_success
axisx_theta180,474,success,4840.714505,69.5428,68,264,0.0116,output_step/iterations/axisx_theta180/it474_success
axisx_theta180,475,success,4840.714505,69.5428,68,264,0.0115,output_step/iterations/axisx_theta180/it475_success
axisx_theta180,476,success,4840.714505,69.5428,68,264,0.0117,output_step/iterations/axisx_theta180/it476_success
axisx_theta180,477,success,4840.714505,69.5428,68,264,0.0116,output_step/iterations/axisx_theta180/it477_success
axisx_theta180,478,success,4840.714505,69.5428,68,264,0.0115,output_step/iterations/axisx_theta180/it478_success
axisx_theta180,479,success,4840.714505,69.5428,68,264,0.0118,output_step/iterations/axisx_theta180/it479_success
axisy_theta1,1,success,0.2384356194,0.00342542,15,65,0.00977,output_step/iterations/axisy_theta1/it001_success
axisy_theta2,1,failed,0,0,0,0,6.89,output_step/iterations/axisy_theta2/it001_failed
axisy_theta5,1,success,0.2151304347,0.00309061,44,192,0.017,output_step/iterations/axisy_theta5/it001_success
axisy_theta15,1,success,0.4642191515,0.00666907,66,276,0.0223,output_step/iterations/axisy_theta15/it001_success
axisy_theta45,1,success,0.6567609113,0.00943517,60,240,0.0222,output_step/iterations/axisy_theta45/it001_success
axisy_theta90,1,success,373.7899823,5.36995,80,368,0.0134,output_step/iterations/axisy_theta90/it001_success
axisy_theta90,2,success,373.7899823,5.36995,80,368,0.0129,output_step/iterations/axisy_theta90/it002_success
axisy_theta90,3,success,373.7899823,5.36995,80,368,0.0132,output_step/iterations/axisy_theta90/it003_success
axisy_theta90,4,success,373.7899823,5.36995,80,368,0.0128,output_step/iterations/axisy_theta90/it004_success
axisy_theta90,5,success,373.7899823,5.36995,80,368,0.0131,output_step/iterations/axisy_theta90/it005_success
axisy_theta90,6,success,373.7899823,5.36995,80,368,0.0124,output_step/iterations/axisy_theta90/it006_success
axisy_theta90,7,success,373.7899823,5.36995,80,368,0.0131,output_step/iterations/axisy_theta90/it007_success
axisy_theta90,8,success,373.7899823,5.36995,80,368,0.0133,output_step/iterations/axisy_theta90/it008_success
axisy_theta90,9,success,373.7899823,5.36995,80,368,0.013,output_step/iterations/axisy_theta90/it009_success
axisy_theta90,10,success,373.7899823,5.36995,80,368,0.0132,output_step/iterations/axisy_theta90/it010_success
axisy_theta90,11,success,373.7899823,5.36995,80,368,0.0131,output_step/iterations/axisy_theta90/it011_success
axisy_theta90,12,success,373.7899823,5.36995,80,368,0.0132,output_step/iterations/axisy_theta90/it012_success
axisy_theta90,13,success,373.7899823,5.36995,80,368,0.0131,output_step/iterations/axisy_theta90/it013_success
axisy_theta90,14,success,373.7899823,5.36995,80,368,0.013,output_step/iterations/axisy_theta90/it014_success
axisy_theta90,15,success,373.7899823,5.36995,80,368,0.0128,output_step/iterations/axisy_theta90/it015_success
axisy_theta90,16,success,373.7899823,5.36995,80,368,0.013,output_step/iterations/axisy_theta90/it016_success
axisy_theta90,17,success,373.7899823,5.36995,80,368,0.0132,output_step/iterations/axisy_theta90/it017_success
axisy_theta90,18,success,373.7899823,5.36995,80,368,0.0129,output_step/iterations/axisy_theta90/it018_success
axisy_theta90,19,success,373.7899823,5.36995,80,368,0.0128,output_step/iterations/axisy_theta90/it019_success
axisy_theta90,20,success,373.7899823,5.36995,80,368,0.0133,output_step/iterations/axisy_theta90/it020_success
axisy_theta90,21,success,373.7899823,5.36995,80,368,0.0131,output_step/iterations/axisy_theta90/it021_success
axisy_theta90,22,success,373.7899823,5.36995,80,368,0.0132,output_step/iterations/axisy_theta90/it022_success
axisy_theta90,23,success,373.7899823,5.36995,80,368,0.0131,output_step/iterations/axisy_theta90/it023_success
axisy_theta90,24,success,373.7899823,5.36995,80,368,0.0132,output_step/iterations/axisy_theta90/it024_success
axisy_theta90,25,success,373.7899823,5.36995,80,368,0.013,output_step/iterations/axisy_theta90/it025_success
axisy_theta90,26,success,373.7899823,5.36995,80,368,0.0139,output_step/iterations/axisy_theta90/it026_success
axisy_theta90,27,success,373.7899823,5.36995,80,368,0.0133,output_step/iterations/axisy_theta90/it027_success
axisy_theta90,28,success,373.7899823,5.36995,80,368,0.0131,output_step/iterations/axisy_theta90/it028_success
axisy_theta90,29,success,373.7899823,5.36995,80,368,0.0133,output_step/iterations/axisy_theta90/it029_success
axisy_theta90,30,success,373.7899823,5.36995,80,368,0.0131,output_step/iterations/axisy_theta90/it030_success
axisy_theta90,31,success,373.7899823,5.36995,80,368,0.0133,output_step/iterations/axisy_theta90/it031_success
axisy_theta90,32,success,373.7899823,5.36995,80,368,0.0131,output_step/iterations/axisy_theta90/it032_success
axisy_theta90,33,success,373.7899823,5.36995,80,368,0.0133,output_step/iterations/axisy_theta90/it033_success
axisy_theta90,34,success,373.7899823,5.36995,80,368,0.0132,output_step/iterations/axisy_theta90/it034_success
axisy_theta90,35,success,373.7899823,5.36995,80,368,0.0131,output_step/iterations/axisy_theta90/it035_success
axisy_theta90,36,success,373.7899823,5.36995,80,368,0.0133,output_step/iterations/axisy_theta90/it036_success
axisy_theta90,37,success,373.7899823,5.36995,80,368,0.0132,output_step/iterations/axisy_theta90/it037_success
axisy_theta90,38,success,373.7899823,5.36995,80,368,0.0131,output_step/iterations/axisy_theta90/it038_success
axisy_theta90,39,success,373.7899823,5.36995,80,368,0.0152,output_step/iterations/axisy_theta90/it039_success
axisy_theta90,40,success,373.7899823,5.36995,80,368,0.0141,output_step/iterations/axisy_theta90/it040_success
axisy_theta90,41,success,373.7899823,5.36995,80,368,0.0132,output_step/iterations/axisy_theta90/it041_success
axisy_theta90,42,success,373.7899823,5.36995,80,368,0.0131,output_step/iterations/axisy_theta90/it042_success
axisy_theta90,43,success,373.7899823,5.36995,80,368,0.0133,output_step/iterations/axisy_theta90/it043_success
axisy_theta90,44,success,373.7899823,5.36995,80,368,0.0131,output_step/iterations/axisy_theta90/it044_success
axisy_theta90,45,success,373.7899823,5.36995,80,368,0.0132,output_step/iterations/axisy_theta90/it045_success
axisy_theta90,46,success,373.7899823,5.36995,80,368,0.0129,output_step/iterations/axisy_theta90/it046_success
axisy_theta90,47,success,373.7899823,5.36995,80,368,0.0132,output_step/iterations/axisy_theta90/it047_success
axisy_theta90,48,success,373.7899823,5.36995,80,368,0.0133,output_step/iterations/axisy_theta90/it048_success
axisy_theta90,49,success,373.7899823,5.36995,80,368,0.0132,output_step/iterations/axisy_theta90/it049_success
axisy_theta90,50,success,373.7899823,5.36995,80,368,0.0131,output_step/iterations/axisy_theta90/it050_success
axisy_theta90,51,success,373.7899823,5.36995,80,368,0.0137,output_step/iterations/axisy_theta90/it051_success
axisy_theta90,52,success,373.7899823,5.36995,80,368,0.013,output_step/iterations/axisy_theta90/it052_success
axisy_theta90,53,success,373.7899823,5.36995,80,368,0.0127,output_step/iterations/axisy_theta90/it053_success
axisy_theta90,54,success,373.7899823,5.36995,80,368,0.0133,output_step/iterations/axisy_theta90/it054_success
axisy_theta90,55,success,373.7899823,5.36995,80,368,0.0132,output_step/iterations/axisy_theta90/it055_success
axisy_theta90,56,success,373.7899823,5.36995,80,368,0.0134,output_step/iterations/axisy_theta90/it056_success
axisy_theta90,57,success,373.7899823,5.36995,80,368,0.0133,output_step/iterations/axisy_theta90/it057_success
axisy_theta90,58,success,373.7899823,5.36995,80,368,0.0131,output_step/iterations/axisy_theta90/it058_success
axisy_theta90,59,success,373.7899823,5.36995,80,368,0.013,output_step/iterations/axisy_theta90/it059_success
axisy_theta90,60,success,373.7899823,5.36995,80,368,0.013,output_step/iterations/axisy_theta90/it060_success
axisy_theta90,61,success,373.7899823,5.36995,80,368,0.0134,output_step/iterations/axisy_theta90/it061_success
axisy_theta90,62,success,373.7899823,5.36995,80,368,0.013,output_step/iterations/axisy_theta90/it062_success
axisy_theta90,63,success,373.7899823,5.36995,80,368,0.0132,output_step/iterations/axisy_theta90/it063_success
axisy_theta90,64,success,373.7899823,5.36995,80,368,0.0131,output_step/iterations/axisy_theta90/it064_success
axisy_theta90,65,success,373.7899823,5.36995,80,368,0.013,output_step/iterations/axisy_theta90/it065_success
axisy_theta90,66,success,373.7899823,5.36995,80,368,0.0132,output_step/iterations/axisy_theta90/it066_success
axisy_theta90,67,success,373.7899823,5.36995,80,368,0.0132,output_step/iterations/axisy_theta90/it067_success
axisy_theta90,68,success,373.7899823,5.36995,80,368,0.0131,output_step/iterations/axisy_theta90/it068_success
axisy_theta90,69,success,373.7899823,5.36995,80,368,0.0133,output_step/iterations/axisy_theta90/it069_success
axisy_theta90,70,success,373.7899823,5.36995,80,368,0.0131,output_step/iterations/axisy_theta90/it070_success
axisy_theta90,71,success,373.7899823,5.36995,80,368,0.0129,output_step/iterations/axisy_theta90/it071_success
axisy_theta90,72,success,373.7899823,5.36995,80,368,0.0132,output_step/iterations/axisy_theta90/it072_success
axisy_theta90,73,success,373.7899823,5.36995,80,368,0.0131,output_step/iterations/axisy_theta90/it073_success
axisy_theta90,74,success,373.7899823,5.36995,80,368,0.0131,output_step/iterations/axisy_theta90/it074_success
axisy_theta90,75,success,373.7899823,5.36995,80,368,0.0132,output_step/iterations/axisy_theta90/it075_success
axisy_theta90,76,success,373.7899823,5.36995,80,368,0.0135,output_step/iterations/axisy_theta90/it076_success
axisy_theta90,77,success,373.7899823,5.36995,80,368,0.0134,output_step/iterations/axisy_theta90/it077_success
axisy_theta90,78,success,373.7899823,5.36995,80,368,0.0131,output_step/iterations/axisy_theta90/it078_success
axisy_theta90,79,success,373.7899823,5.36995,80,368,0.0133,output_step/iterations/axisy_theta90/it079_success
axisy_theta90,80,success,373.7899823,5.36995,80,368,0.0132,output_step/iterations/axisy_theta90/it080_success
axisy_theta90,81,success,373.7899823,5.36995,80,368,0.0133,output_step/iterations/axisy_theta90/it081_success
axisy_theta90,82,success,373.7899823,5.36995,80,368,0.0131,output_step/iterations/axisy_theta90/it082_success
axisy_theta90,83,success,373.7899823,5.36995,80,368,0.0132,output_step/iterations/axisy_theta90/it083_success
axisy_theta90,84,success,373.7899823,5.36995,80,368,0.0131,output_step/iterations/axisy_theta90/it084_success
axisy_theta90,85,success,373.7899823,5.36995,80,368,0.0134,output_step/iterations/axisy_theta90/it085_success
axisy_theta90,86,success,373.7899823,5.36995,80,368,0.0131,output_step/iterations/axisy_theta90/it086_success
axisy_theta90,87,success,373.7899823,5.36995,80,368,0.0133,output_step/iterations/axisy_theta90/it087_success
axisy_theta90,88,success,373.7899823,5.36995,80,368,0.0132,output_step/iterations/axisy_theta90/it088_success
axisy_theta90,89,success,373.7899823,5.36995,80,368,0.0131,output_step/iterations/axisy_theta90/it089_success
axisy_theta90,90,success,373.7899823,5.36995,80,368,0.0132,output_step/iterations/axisy_theta90/it090_success
axisy_theta90,91,success,373.7899823,5.36995,80,368,0.0129,output_step/iterations/axisy_theta90/it091_success
axisy_theta90,92,success,373.7899823,5.36995,80,368,0.0134,output_step/iterations/axisy_theta90/it092_success
axisy_theta90,93,success,373.7899823,5.36995,80,368,0.0131,output_step/iterations/axisy_theta90/it093_success
axisy_theta90,94,success,373.7899823,5.36995,80,368,0.0131,output_step/iterations/axisy_theta90/it094_success
axisy_theta90,95,success,373.7899823,5.36995,80,368,0.0133,output_step/iterations/axisy_theta90/it095_success
axisy_theta90,96,success,373.7899823,5.36995,80,368,0.0132,output_step/iterations/axisy_theta90/it096_success
axisy_theta90,97,success,373.7899823,5.36995,80,368,0.0134,output_step/iterations/axisy_theta90/it097_success
axisy_theta90,98,success,373.7899823,5.36995,80,368,0.0131,output_step/iterations/axisy_theta90/it098_success
axisy_theta90,99,success,373.7899823,5.36995,80,368,0.0134,output_step/iterations/axisy_theta90/it099_success
axisy_theta90,100,success,373.7899823,5.36995,80,368,0.0133,output_step/iterations/axisy_theta90/it100_success
axisy_theta90,101,success,373.7899823,5.36995,80,368,0.0133,output_step/iterations/axisy_theta90/it101_success
axisy_theta90,102,success,373.7899823,5.36995,80,368,0.0132,output_step/iterations/axisy_theta90/it102_success
axisy_theta90,103,success,373.7899823,5.36995,80,368,0.0129,output_step/iterations/axisy_theta90/it103_success
axisy_theta90,104,success,373.7899823,5.36995,80,368,0.0132,output_step/iterations/axisy_theta90/it104_success
axisy_theta90,105,success,373.7899823,5.36995,80,368,0.013,output_step/iterations/axisy_theta90/it105_success
axisy_theta90,106,success,373.7899823,5.36995,80,368,0.0134,output_step/iterations/axisy_theta90/it106_success
axisy_theta90,107,success,373.7899823,5.36995,80,368,0.0134,output_step/iterations/axisy_theta90/it107_success
axisy_theta90,108,success,373.7899823,5.36995,80,368,0.0134,output_step/iterations/axisy_theta90/it108_success
axisy_theta90,109,success,373.7899823,5.36995,80,368,0.0132,output_step/iterations/axisy_theta90/it109_success
axisy_theta90,110,success,373.7899823,5.36995,80,368,0.0133,output_step/iterations/axisy_theta90/it110_success
axisy_theta90,111,success,373.7899823,5.36995,80,368,0.013,output_step/iterations/axisy_theta90/it111_success
axisy_theta90,112,success,373.7899823,5.36995,80,368,0.0132,output_step/iterations/axisy_theta90/it112_success
axisy_theta90,113,success,373.7899823,5.36995,80,368,0.0129,output_step/iterations/axisy_theta90/it113_success
axisy_theta90,114,success,373.7899823,5.36995,80,368,0.0132,output_step/iterations/axisy_theta90/it114_success
axisy_theta90,115,success,373.7899823,5.36995,80,368,0.0131,output_step/iterations/axisy_theta90/it115_success
axisy_theta90,116,success,373.7899823,5.36995,80,368,0.0133,output_step/iterations/axisy_theta90/it116_success
axisy_theta90,117,success,373.7899823,5.36995,80,368,0.0132,output_step/iterations/axisy_theta90/it117_success
axisy_theta90,118,success,373.7899823,5.36995,80,368,0.0132,output_step/iterations/axisy_theta90/it118_success
axisy_theta90,119,success,373.7899823,5.36995,80,368,0.0132,output_step/iterations/axisy_theta90/it119_success
axisy_theta90,120,success,373.7899823,5.36995,80,368,0.0131,output_step/iterations/axisy_theta90/it120_success
axisy_theta90,121,success,373.7899823,5.36995,80,368,0.013,output_step/iterations/axisy_theta90/it121_success
axisy_theta90,122,success,373.7899823,5.36995,80,368,0.0134,output_step/iterations/axisy_theta90/it122_success
axisy_theta90,123,success,373.7899823,5.36995,80,368,0.0131,output_step/iterations/axisy_theta90/it123_success
axisy_theta90,124,success,373.7899823,5.36995,80,368,0.0132,output_step/iterations/axisy_theta90/it124_success
axisy_theta90,125,success,373.7899823,5.36995,80,368,0.0131,output_step/iterations/axisy_theta90/it125_success
axisy_theta90,126,success,373.7899823,5.36995,80,368,0.0137,output_step/iterations/axisy_theta90/it126_success
axisy_theta90,127,success,373.7899823,5.36995,80,368,0.0133,output_step/iterations/axisy_theta90/it127_success
axisy_theta90,128,success,373.7899823,5.36995,80,368,0.0134,output_step/iterations/axisy_theta90/it128_success
axisy_theta90,129,success,373.7899823,5.36995,80,368,0.0133,output_step/iterations/axisy_theta90/it129_success
axisy_theta90,130,success,373.7899823,5.36995,80,368,0.0128,output_step/iterations/axisy_theta90/it130_success
axisy_theta90,131,success,373.7899823,5.36995,80,368,0.0132,output_step/iterations/axisy_theta90/it131_success
axisy_theta90,132,success,373.7899823,5.36995,80,368,0.013,output_step/iterations/axisy_theta90/it132_success
axisy_theta90,133,success,373.7899823,5.36995,80,368,0.0131,output_step/iterations/axisy_theta90/it133_success
axisy_theta90,134,success,373.7899823,5.36995,80,368,0.0127,output_step/iterations/axisy_theta90/it134_success
axisy_theta90,135,success,373.7899823,5.36995,80,368,0.0132,output_step/iterations/axisy_theta90/it135_success
axisy_theta90,136,success,373.7899823,5.36995,80,368,0.013,output_step/iterations/axisy_theta90/it136_success
axisy_theta90,137,success,373.7899823,5.36995,80,368,0.0131,output_step/iterations/axisy_theta90/it137_success
axisy_theta90,138,success,373.7899823,5.36995,80,368,0.0131,output_step/iterations/axisy_theta90/it138_success
axisy_theta90,139,success,373.7899823,5.36995,80,368,0.0129,output_step/iterations/axisy_theta90/it139_success
axisy_theta90,140,success,373.7899823,5.36995,80,368,0.0131,output_step/iterations/axisy_theta90/it140_success
axisy_theta90,141,success,373.7899823,5.36995,80,368,0.0131,output_step/iterations/axisy_theta90/it141_success
axisy_theta90,142,success,373.7899823,5.36995,80,368,0.0131,output_step/iterations/axisy_theta90/it142_success
axisy_theta90,143,success,373.7899823,5.36995,80,368,0.0134,output_step/iterations/axisy_theta90/it143_success
axisy_theta90,144,success,373.7899823,5.36995,80,368,0.013,output_step/iterations/axisy_theta90/it144_success
axisy_theta90,145,success,373.7899823,5.36995,80,368,0.0133,output_step/iterations/axisy_theta90/it145_success
axisy_theta90,146,success,373.7899823,5.36995,80,368,0.0132,output_step/iterations/axisy_theta90/it146_success
axisy_theta90,147,success,373.7899823,5.36995,80,368,0.013,output_step/iterations/axisy_theta90/it147_success
axisy_theta90,148,success,373.7899823,5.36995,80,368,0.0132,output_step/iterations/axisy_theta90/it148_success
axisy_theta90,149,success,373.7899823,5.36995,80,368,0.0131,output_step/iterations/axisy_theta90/it149_success
axisy_theta90,150,success,373.7899823,5.36995,80,368,0.0131,output_step/iterations/axisy_theta90/it150_success
axisy_theta90,151,success,373.7899823,5.36995,80,368,0.0137,output_step/iterations/axisy_theta90/it151_success
axisy_theta90,152,success,373.7899823,5.36995,80,368,0.0134,output_step/iterations/axisy_theta90/it152_success
axisy_theta90,153,success,373.7899823,5.36995,80,368,0.0131,output_step/iterations/axisy_theta90/it153_success
axisy_theta90,154,success,373.7899823,5.36995,80,368,0.0133,output_step/iterations/axisy_theta90/it154_success
axisy_theta90,155,success,373.7899823,5.36995,80,368,0.0131,output_step/iterations/axisy_theta90/it155_success
axisy_theta90,156,success,373.7899823,5.36995,80,368,0.0132,output_step/iterations/axisy_theta90/it156_success
axisy_theta90,157,success,373.7899823,5.36995,80,368,0.0133,output_step/iterations/axisy_theta90/it157_success
axisy_theta90,158,success,373.7899823,5.36995,80,368,0.0131,output_step/iterations/axisy_theta90/it158_success
axisy_theta90,159,success,373.7899823,5.36995,80,368,0.0133,output_step/iterations/axisy_theta90/it159_success
axisy_theta90,160,success,373.7899823,5.36995,80,368,0.0132,output_step/iterations/axisy_theta90/it160_success
axisy_theta90,161,success,373.7899823,5.36995,80,368,0.0132,output_step/iterations/axisy_theta90/it161_success
axisy_theta90,162,success,373.7899823,5.36995,80,368,0.0133,output_step/iterations/axisy_theta90/it162_success
axisy_theta90,163,success,373.7899823,5.36995,80,368,0.0126,output_step/iterations/axisy_theta90/it163_success
axisy_theta90,164,success,373.7899823,5.36995,80,368,0.0133,output_step/iterations/axisy_theta90/it164_success
axisy_theta90,165,success,373.7899823,5.36995,80,368,0.0132,output_step/iterations/axisy_theta90/it165_success
axisy_theta90,166,success,373.7899823,5.36995,80,368,0.0132,output_step/iterations/axisy_theta90/it166_success
axisy_theta90,167,success,373.7899823,5.36995,80,368,0.0132,output_step/iterations/axisy_theta90/it167_success
axisy_theta90,168,success,373.7899823,5.36995,80,368,0.0133,output_step/iterations/axisy_theta90/it168_success
axisy_theta90,169,success,373.7899823,5.36995,80,368,0.0131,output_step/iterations/axisy_theta90/it169_success
axisy_theta90,170,success,373.7899823,5.36995,80,368,0.013,output_step/iterations/axisy_theta90/it170_success
axisy_theta90,171,success,373.7899823,5.36995,80,368,0.0133,output_step/iterations/axisy_theta90/it171_success
axisy_theta90,172,success,373.7899823,5.36995,80,368,0.013,output_step/iterations/axisy_theta90/it172_success
axisy_theta90,173,success,373.7899823,5.36995,80,368,0.0131,output_step/iterations/axisy_theta90/it173_success
axisy_theta90,174,success,373.7899823,5.36995,80,368,0.0131,output_step/iterations/axisy_theta90/it174_success
axisy_theta90,175,success,373.7899823,5.36995,80,368,0.0134,output_step/iterations/axisy_theta90/it175_success
axisy_theta90,176,success,373.7899823,5.36995,80,368,0.0134,output_step/iterations/axisy_theta90/it176_success
axisy_theta90,177,success,373.7899823,5.36995,80,368,0.0133,output_step/iterations/axisy_theta90/it177_success
axisy_theta90,178,success,373.7899823,5.36995,80,368,0.0134,output_step/iterations/axisy_theta90/it178_success
axisy_theta90,179,success,373.7899823,5.36995,80,368,0.0133,output_step/iterations/axisy_theta90/it179_success
axisy_theta90,180,success,373.7899823,5.36995,80,368,0.0133,output_step/iterations/axisy_theta90/it180_success
axisy_theta90,181,success,373.7899823,5.36995,80,368,0.0129,output_step/iterations/axisy_theta90/it181_success
axisy_theta90,182,success,373.7899823,5.36995,80,368,0.0133,output_step/iterations/axisy_theta90/it182_success
axisy_theta90,183,success,373.7899823,5.36995,80,368,0.0133,output_step/iterations/axisy_theta90/it183_success
axisy_theta90,184,success,373.7899823,5.36995,80,368,0.0132,output_step/iterations/axisy_theta90/it184_success
axisy_theta90,185,success,373.7899823,5.36995,80,368,0.0133,output_step/iterations/axisy_theta90/it185_success
axisy_theta90,186,success,373.7899823,5.36995,80,368,0.0129,output_step/iterations/axisy_theta90/it186_success
axisy_theta90,187,success,373.7899823,5.36995,80,368,0.0133,output_step/iterations/axisy_theta90/it187_success
axisy_theta90,188,success,373.7899823,5.36995,80,368,0.0131,output_step/iterations/axisy_theta90/it188_success
axisy_theta90,189,success,373.7899823,5.36995,80,368,0.0131,output_step/iterations/axisy_theta90/it189_success
axisy_theta90,190,success,373.7899823,5.36995,80,368,0.0133,output_step/iterations/axisy_theta90/it190_success
axisy_theta90,191,success,373.7899823,5.36995,80,368,0.0131,output_step/iterations/axisy_theta90/it191_success
axisy_theta90,192,success,373.7899823,5.36995,80,368,0.0134,output_step/iterations/axisy_theta90/it192_success
axisy_theta90,193,success,373.7899823,5.36995,80,368,0.0132,output_step/iterations/axisy_theta90/it193_success
axisy_theta90,194,success,373.7899823,5.36995,80,368,0.0131,output_step/iterations/axisy_theta90/it194_success
axisy_theta90,195,success,373.7899823,5.36995,80,368,0.0132,output_step/iterations/axisy_theta90/it195_success
axisy_theta90,196,success,373.7899823,5.36995,80,368,0.0131,output_step/iterations/axisy_theta90/it196_success
axisy_theta90,197,success,373.7899823,5.36995,80,368,0.0133,output_step/iterations/axisy_theta90/it197_success
axisy_theta90,198,success,373.7899823,5.36995,80,368,0.0131,output_step/iterations/axisy_theta90/it198_success
axisy_theta90,199,success,373.7899823,5.36995,80,368,0.0132,output_step/iterations/axisy_theta90/it199_success
axisy_theta90,200,success,373.7899823,5.36995,80,368,0.0131,output_step/iterations/axisy_theta90/it200_success
axisy_theta90,201,success,373.7899823,5.36995,80,368,0.0131,output_step/iterations/axisy_theta90/it201_success
axisy_theta90,202,success,373.7899823,5.36995,80,368,0.0129,output_step/iterations/axisy_theta90/it202_success
axisy_theta90,203,success,373.7899823,5.36995,80,368,0.0133,output_step/iterations/axisy_theta90/it203_success
axisy_theta90,204,success,373.7899823,5.36995,80,368,0.0134,output_step/iterations/axisy_theta90/it204_success
axisy_theta90,205,success,373.7899823,5.36995,80,368,0.0131,output_step/iterations/axisy_theta90/it205_success
axisy_theta90,206,success,373.7899823,5.36995,80,368,0.013,output_step/iterations/axisy_theta90/it206_success
axisy_theta90,207,success,373.7899823,5.36995,80,368,0.0134,output_step/iterations/axisy_theta90/it207_success
axisy_theta90,208,success,373.7899823,5.36995,80,368,0.0133,output_step/iterations/axisy_theta90/it208_success
axisy_theta90,209,success,373.7899823,5.36995,80,368,0.0131,output_step/iterations/axisy_theta90/it209_success
axisy_theta90,210,success,373.7899823,5.36995,80,368,0.0132,output_step/iterations/axisy_theta90/it210_success
axisy_theta90,211,success,373.7899823,5.36995,80,368,0.0133,output_step/iterations/axisy_theta90/it211_success
axisy_theta90,212,success,373.7899823,5.36995,80,368,0.0132,output_step/iterations/axisy_theta90/it212_success
axisy_theta90,213,success,373.7899823,5.36995,80,368,0.0131,output_step/iterations/axisy_theta90/it213_success
axisy_theta90,214,success,373.7899823,5.36995,80,368,0.0134,output_step/iterations/axisy_theta90/it214_success
axisy_theta90,215,success,373.7899823,5.36995,80,368,0.0131,output_step/iterations/axisy_theta90/it215_success
axisy_theta90,216,success,373.7899823,5.36995,80,368,0.0133,output_step/iterations/axisy_theta90/it216_success
axisy_theta90,217,success,373.7899823,5.36995,80,368,0.0151,output_step/iterations/axisy_theta90/it217_success
axisy_theta90,218,success,373.7899823,5.36995,80,368,0.0134,output_step/iterations/axisy_theta90/it218_success
axisy_theta90,219,success,373.7899823,5.36995,80,368,0.0133,output_step/iterations/axisy_theta90/it219_success
axisy_theta90,220,success,373.7899823,5.36995,80,368,0.0131,output_step/iterations/axisy_theta90/it220_success
axisy_theta90,221,success,373.7899823,5.36995,80,368,0.0131,output_step/iterations/axisy_theta90/it221_success
axisy_theta90,222,success,373.7899823,5.36995,80,368,0.0134,output_step/iterations/axisy_theta90/it222_success
axisy_theta90,223,success,373.7899823,5.36995,80,368,0.013,output_step/iterations/axisy_theta90/it223_success
axisy_theta90,224,success,373.7899823,5.36995,80,368,0.0134,output_step/iterations/axisy_theta90/it224_success
axisy_theta90,225,success,373.7899823,5.36995,80,368,0.0131,output_step/iterations/axisy_theta90/it225_success
axisy_theta90,226,success,373.7899823,5.36995,80,368,0.0129,output_step/iterations/axisy_theta90/it226_success
axisy_theta90,227,success,373.7899823,5.36995,80,368,0.0133,output_step/iterations/axisy_theta90/it227_success
axisy_theta90,228,success,373.7899823,5.36995,80,368,0.0153,output_step/iterations/axisy_theta90/it228_success
axisy_theta90,229,success,373.7899823,5.36995,80,368,0.0135,output_step/iterations/axisy_theta90/it229_success
axisy_theta90,230,success,373.7899823,5.36995,80,368,0.0131,output_step/iterations/axisy_theta90/it230_success
axisy_theta90,231,success,373.7899823,5.36995,80,368,0.0132,output_step/iterations/axisy_theta90/it231_success
axisy_theta90,232,success,373.7899823,5.36995,80,368,0.0129,output_step/iterations/axisy_theta90/it232_success
axisy_theta90,233,success,373.7899823,5.36995,80,368,0.0134,output_step/iterations/axisy_theta90/it233_success
axisy_theta90,234,success,373.7899823,5.36995,80,368,0.0129,output_step/iterations/axisy_theta90/it234_success
axisy_theta90,235,success,373.7899823,5.36995,80,368,0.0132,output_step/iterations/axisy_theta90/it235_success
axisy_theta90,236,success,373.7899823,5.36995,80,368,0.0128,output_step/iterations/axisy_theta90/it236_success
axisy_theta90,237,success,373.7899823,5.36995,80,368,0.0134,output_step/iterations/axisy_theta90/it237_success
axisy_theta90,238,success,373.7899823,5.36995,80,368,0.0131,output_step/iterations/axisy_theta90/it238_success
axisy_theta90,239,success,373.7899823,5.36995,80,368,0.0133,output_step/iterations/axisy_theta90/it239_success
axisy_theta90,240,success,373.7899823,5.36995,80,368,0.0132,output_step/iterations/axisy_theta90/it240_success
axisy_theta90,241,success,373.7899823,5.36995,80,368,0.0134,output_step/iterations/axisy_theta90/it241_success
axisy_theta90,242,success,373.7899823,5.36995,80,368,0.0132,output_step/iterations/axisy_theta90/it242_success
axisy_theta90,243,success,373.7899823,5.36995,80,368,0.013,output_step/iterations/axisy_theta90/it243_success
axisy_theta90,244,success,373.7899823,5.36995,80,368,0.0149,output_step/iterations/axisy_theta90/it244_success
axisy_theta90,245,success,373.7899823,5.36995,80,368,0.013,output_step/iterations/axisy_theta90/it245_success
axisy_theta90,246,success,373.7899823,5.36995,80,368,0.0133,output_step/iterations/axisy_theta90/it246_success
axisy_theta90,247,success,373.7899823,5.36995,80,368,0.0135,output_step/iterations/axisy_theta90/it247_success
axisy_theta90,248,success,373.7899823,5.36995,80,368,0.0131,output_step/iterations/axisy_theta90/it248_success
axisy_theta90,249,success,373.7899823,5.36995,80,368,0.0133,output_step/iterations/axisy_theta90/it249_success
axisy_theta90,250,success,373.7899823,5.36995,80,368,0.0133,output_step/iterations/axisy_theta90/it250_success
axisy_theta90,251,success,373.7899823,5.36995,80,368,0.0134,output_step/iterations/axisy_theta90/it251_success
axisy_theta90,252,success,373.7899823,5.36995,80,368,0.0133,output_step/iterations/axisy_theta90/it252_success
axisy_theta90,253,success,373.7899823,5.36995,80,368,0.013,output_step/iterations/axisy_theta90/it253_success
axisy_theta90,254,success,373.7899823,5.36995,80,368,0.0134,output_step/iterations/axisy_theta90/it254_success
axisy_theta90,255,success,373.7899823,5.36995,80,368,0.0134,output_step/iterations/axisy_theta90/it255_success
axisy_theta90,256,success,373.7899823,5.36995,80,368,0.0131,output_step/iterations/axisy_theta90/it256_success
axisy_theta90,257,success,373.7899823,5.36995,80,368,0.0131,output_step/iterations/axisy_theta90/it257_success
axisy_theta90,258,success,373.7899823,5.36995,80,368,0.0135,output_step/iterations/axisy_theta90/it258_success
axisy_theta90,259,success,373.7899823,5.36995,80,368,0.0132,output_step/iterations/axisy_theta90/it259_success
axisy_theta90,260,success,373.7899823,5.36995,80,368,0.013,output_step/iterations/axisy_theta90/it260_success
axisy_theta90,261,success,373.7899823,5.36995,80,368,0.013,output_step/iterations/axisy_theta90/it261_success
axisy_theta90,262,success,373.7899823,5.36995,80,368,0.0132,output_step/iterations/axisy_theta90/it262_success
axisy_theta90,263,success,373.7899823,5.36995,80,368,0.0134,output_step/iterations/axisy_theta90/it263_success
axisy_theta90,264,success,373.7899823,5.36995,80,368,0.0135,output_step/iterations/axisy_theta90/it264_success
axisy_theta90,265,success,373.7899823,5.36995,80,368,0.0132,output_step/iterations/axisy_theta90/it265_success
axisy_theta90,266,success,373.7899823,5.36995,80,368,0.0131,output_step/iterations/axisy_theta90/it266_success
axisy_theta90,267,success,373.7899823,5.36995,80,368,0.0154,output_step/iterations/axisy_theta90/it267_success
axisy_theta90,268,success,373.7899823,5.36995,80,368,0.013,output_step/iterations/axisy_theta90/it268_success
axisy_theta90,269,success,373.7899823,5.36995,80,368,0.0134,output_step/iterations/axisy_theta90/it269_success
axisy_theta90,270,success,373.7899823,5.36995,80,368,0.0132,output_step/iterations/axisy_theta90/it270_success
axisy_theta90,271,success,373.7899823,5.36995,80,368,0.0133,output_step/iterations/axisy_theta90/it271_success
axisy_theta90,272,success,373.7899823,5.36995,80,368,0.0133,output_step/iterations/axisy_theta90/it272_success
axisy_theta90,273,success,373.7899823,5.36995,80,368,0.0131,output_step/iterations/axisy_theta90/it273_success
axisy_theta90,274,success,373.7899823,5.36995,80,368,0.0133,output_step/iterations/axisy_theta90/it274_success
axisy_theta90,275,success,373.7899823,5.36995,80,368,0.0129,output_step/iterations/axisy_theta90/it275_success
axisy_theta90,276,success,373.7899823,5.36995,80,368,0.013,output_step/iterations/axisy_theta90/it276_success
axisy_theta90,277,success,373.7899823,5.36995,80,368,0.0133,output_step/iterations/axisy_theta90/it277_success
axisy_theta90,278,success,373.7899823,5.36995,80,368,0.0131,output_step/iterations/axisy_theta90/it278_success
axisy_theta90,279,success,373.7899823,5.36995,80,368,0.0134,output_step/iterations/axisy_theta90/it279_success
axisy_theta90,280,success,373.7899823,5.36995,80,368,0.0132,output_step/iterations/axisy_theta90/it280_success
axisy_theta90,281,success,373.7899823,5.36995,80,368,0.014,output_step/iterations/axisy_theta90/it281_success
axisy_theta90,282,success,373.7899823,5.36995,80,368,0.0131,output_step/iterations/axisy_theta90/it282_success
axisy_theta90,283,success,373.7899823,5.36995,80,368,0.0132,output_step/iterations/axisy_theta90/it283_success
axisy_theta90,284,success,373.7899823,5.36995,80,368,0.0132,output_step/iterations/axisy_theta90/it284_success
axisy_theta90,285,success,373.7899823,5.36995,80,368,0.0129,output_step/iterations/axisy_theta90/it285_success
axisy_theta90,286,success,373.7899823,5.36995,80,368,0.0132,output_step/iterations/axisy_theta90/it286_success
axisy_theta90,287,success,373.7899823,5.36995,80,368,0.0134,output_step/iterations/axisy_theta90/it287_success
axisy_theta90,288,success,373.7899823,5.36995,80,368,0.0131,output_step/iterations/axisy_theta90/it288_success
axisy_theta90,289,success,373.7899823,5.36995,80,368,0.0129,output_step/iterations/axisy_theta90/it289_success
axisy_theta90,290,success,373.7899823,5.36995,80,368,0.0131,output_step/iterations/axisy_theta90/it290_success
axisy_theta90,291,success,373.7899823,5.36995,80,368,0.0131,output_step/iterations/axisy_theta90/it291_success
axisy_theta90,292,success,373.7899823,5.36995,80,368,0.013,output_step/iterations/axisy_theta90/it292_success
axisy_theta90,293,success,373.7899823,5.36995,80,368,0.013,output_step/iterations/axisy_theta90/it293_success
axisy_theta90,294,success,373.7899823,5.36995,80,368,0.0132,output_step/iterations/axisy_theta90/it294_success
axisy_theta90,295,success,373.7899823,5.36995,80,368,0.0131,output_step/iterations/axisy_theta90/it295_success
axisy_theta90,296,success,373.7899823,5.36995,80,368,0.0131,output_step/iterations/axisy_theta90/it296_success
axisy_theta90,297,success,373.7899823,5.36995,80,368,0.0134,output_step/iterations/axisy_theta90/it297_success
axisy_theta90,298,success,373.7899823,5.36995,80,368,0.0133,output_step/iterations/axisy_theta90/it298_success
axisy_theta90,299,success,373.7899823,5.36995,80,368,0.013,output_step/iterations/axisy_theta90/it299_success
axisy_theta90,300,success,373.7899823,5.36995,80,368,0.0128,output_step/iterations/axisy_theta90/it300_success
axisy_theta90,301,success,373.7899823,5.36995,80,368,0.0131,output_step/iterations/axisy_theta90/it301_success
axisy_theta90,302,success,373.7899823,5.36995,80,368,0.0133,output_step/iterations/axisy_theta90/it302_success
axisy_theta90,303,success,373.7899823,5.36995,80,368,0.013,output_step/iterations/axisy_theta90/it303_success
axisy_theta90,304,success,373.7899823,5.36995,80,368,0.0134,output_step/iterations/axisy_theta90/it304_success
axisy_theta90,305,success,373.7899823,5.36995,80,368,0.0129,output_step/iterations/axisy_theta90/it305_success
axisy_theta90,306,success,373.7899823,5.36995,80,368,0.0132,output_step/iterations/axisy_theta90/it306_success
axisy_theta90,307,success,373.7899823,5.36995,80,368,0.0132,output_step/iterations/axisy_theta90/it307_success
axisy_theta90,308,success,373.7899823,5.36995,80,368,0.0132,output_step/iterations/axisy_theta90/it308_success
axisy_theta90,309,success,373.7899823,5.36995,80,368,0.0133,output_step/iterations/axisy_theta90/it309_success
axisy_theta90,310,success,373.7899823,5.36995,80,368,0.0132,output_step/iterations/axisy_theta90/it310_success
axisy_theta90,311,success,373.7899823,5.36995,80,368,0.0132,output_step/iterations/axisy_theta90/it311_success
axisy_theta90,312,success,373.7899823,5.36995,80,368,0.0135,output_step/iterations/axisy_theta90/it312_success
axisy_theta90,313,success,373.7899823,5.36995,80,368,0.0132,output_step/iterations/axisy_theta90/it313_success
axisy_theta90,314,success,373.7899823,5.36995,80,368,0.0127,output_step/iterations/axisy_theta90/it314_success
axisy_theta90,315,success,373.7899823,5.36995,80,368,0.0131,output_step/iterations/axisy_theta90/it315_success
axisy_theta90,316,success,373.7899823,5.36995,80,368,0.0131,output_step/iterations/axisy_theta90/it316_success
axisy_theta90,317,success,373.7899823,5.36995,80,368,0.0131,output_step/iterations/axisy_theta90/it317_success
axisy_theta90,318,success,373.7899823,5.36995,80,368,0.0133,output_step/iterations/axisy_theta90/it318_success
axisy_theta90,319,success,373.7899823,5.36995,80,368,0.0133,output_step/iterations/axisy_theta90/it319_success
axisy_theta90,320,success,373.7899823,5.36995,80,368,0.0132,output_step/iterations/axisy_theta90/it320_success
axisy_theta90,321,success,373.7899823,5.36995,80,368,0.0134,output_step/iterations/axisy_theta90/it321_success
axisy_theta90,322,success,373.7899823,5.36995,80,368,0.0132,output_step/iterations/axisy_theta90/it322_success
axisy_theta90,323,success,373.7899823,5.36995,80,368,0.0133,output_step/iterations/axisy_theta90/it323_success
axisy_theta90,324,success,373.7899823,5.36995,80,368,0.0132,output_step/iterations/axisy_theta90/it324_success
axisy_theta90,325,success,373.7899823,5.36995,80,368,0.0131,output_step/iterations/axisy_theta90/it325_success
axisy_theta90,326,success,373.7899823,5.36995,80,368,0.0137,output_step/iterations/axisy_theta90/it326_success
axisy_theta90,327,success,373.7899823,5.36995,80,368,0.0135,output_step/iterations/axisy_theta90/it327_success
axisy_theta90,328,success,373.7899823,5.36995,80,368,0.0128,output_step/iterations/axisy_theta90/it328_success
axisy_theta90,329,success,373.7899823,5.36995,80,368,0.0133,output_step/iterations/axisy_theta90/it329_success
axisy_theta90,330,success,373.7899823,5.36995,80,368,0.0132,output_step/iterations/axisy_theta90/it330_success
axisy_theta90,331,success,373.7899823,5.36995,80,368,0.0131,output_step/iterations/axisy_theta90/it331_success
axisy_theta90,332,success,373.7899823,5.36995,80,368,0.0132,output_step/iterations/axisy_theta90/it332_success
axisy_theta90,333,success,373.7899823,5.36995,80,368,0.0132,output_step/iterations/axisy_theta90/it333_success
axisy_theta90,334,success,373.7899823,5.36995,80,368,0.013,output_step/iterations/axisy_theta90/it334_success
axisy_theta90,335,success,373.7899823,5.36995,80,368,0.0132,output_step/iterations/axisy_theta90/it335_success
axisy_theta90,336,success,373.7899823,5.36995,80,368,0.0133,output_step/iterations/axisy_theta90/it336_success
axisy_theta90,337,success,373.7899823,5.36995,80,368,0.0131,output_step/iterations/axisy_theta90/it337_success
axisy_theta90,338,success,373.7899823,5.36995,80,368,0.0132,output_step/iterations/axisy_theta90/it338_success
axisy_theta90,339,success,373.7899823,5.36995,80,368,0.0134,output_step/iterations/axisy_theta90/it339_success
axisy_theta90,340,success,373.7899823,5.36995,80,368,0.0129,output_step/iterations/axisy_theta90/it340_success
axisy_theta90,341,success,373.7899823,5.36995,80,368,0.0132,output_step/iterations/axisy_theta90/it341_success
axisy_theta90,342,success,373.7899823,5.36995,80,368,0.0131,output_step/iterations/axisy_theta90/it342_success
axisy_theta90,343,success,373.7899823,5.36995,80,368,0.0134,output_step/iterations/axisy_theta90/it343_success
axisy_theta90,344,success,373.7899823,5.36995,80,368,0.0131,output_step/iterations/axisy_theta90/it344_success
axisy_theta90,345,success,373.7899823,5.36995,80,368,0.0132,output_step/iterations/axisy_theta90/it345_success
axisy_theta90,346,success,373.7899823,5.36995,80,368,0.0129,output_step/iterations/axisy_theta90/it346_success
axisy_theta90,347,success,373.7899823,5.36995,80,368,0.0133,output_step/iterations/axisy_theta90/it347_success
axisy_theta90,348,success,373.7899823,5.36995,80,368,0.0131,output_step/iterations/axisy_theta90/it348_success
axisy_theta90,349,success,373.7899823,5.36995,80,368,0.013,output_step/iterations/axisy_theta90/it349_success
axisy_theta90,350,success,373.7899823,5.36995,80,368,0.0132,output_step/iterations/axisy_theta90/it350_success
axisy_theta90,351,success,373.7899823,5.36995,80,368,0.0128,output_step/iterations/axisy_theta90/it351_success
axisy_theta90,352,success,373.7899823,5.36995,80,368,0.0135,output_step/iterations/axisy_theta90/it352_success
axisy_theta90,353,success,373.7899823,5.36995,80,368,0.0127,output_step/iterations/axisy_theta90/it353_success
axisy_theta90,354,success,373.7899823,5.36995,80,368,0.0135,output_step/iterations/axisy_theta90/it354_success
axisy_theta90,355,success,373.7899823,5.36995,80,368,0.0134,output_step/iterations/axisy_theta90/it355_success
axisy_theta90,356,success,373.7899823,5.36995,80,368,0.0132,output_step/iterations/axisy_theta90/it356_success
axisy_theta90,357,success,373.7899823,5.36995,80,368,0.0133,output_step/iterations/axisy_theta90/it357_success
axisy_theta90,358,success,373.7899823,5.36995,80,368,0.0134,output_step/iterations/axisy_theta90/it358_success
axisy_theta90,359,success,373.7899823,5.36995,80,368,0.013,output_step/iterations/axisy_theta90/it359_success
axisy_theta90,360,success,373.7899823,5.36995,80,368,0.0131,output_step/iterations/axisy_theta90/it360_success
axisy_theta90,361,success,373.7899823,5.36995,80,368,0.0134,output_step/iterations/axisy_theta90/it361_success
axisy_theta90,362,success,373.7899823,5.36995,80,368,0.0131,output_step/iterations/axisy_theta90/it362_success
axisy_theta90,363,success,373.7899823,5.36995,80,368,0.0132,output_step/iterations/axisy_theta90/it363_success
axisy_theta90,364,success,373.7899823,5.36995,80,368,0.013,output_step/iterations/axisy_theta90/it364_success
axisy_theta90,365,success,373.7899823,5.36995,80,368,0.0132,output_step/iterations/axisy_theta90/it365_success
axisy_theta90,366,success,373.7899823,5.36995,80,368,0.0131,output_step/iterations/axisy_theta90/it366_success
axisy_theta90,367,success,373.7899823,5.36995,80,368,0.0131,output_step/iterations/axisy_theta90/it367_success
axisy_theta90,368,success,373.7899823,5.36995,80,368,0.0134,output_step/iterations/axisy_theta90/it368_success
axisy_theta90,369,success,373.7899823,5.36995,80,368,0.0132,output_step/iterations/axisy_theta90/it369_success
axisy_theta90,370,success,373.7899823,5.36995,80,368,0.0131,output_step/iterations/axisy_theta90/it370_success
axisy_theta90,371,success,373.7899823,5.36995,80,368,0.0134,output_step/iterations/axisy_theta90/it371_success
axisy_theta90,372,success,373.7899823,5.36995,80,368,0.0132,output_step/iterations/axisy_theta90/it372_success
axisy_theta90,373,success,373.7899823,5.36995,80,368,0.0132,output_step/iterations/axisy_theta90/it373_success
axisy_theta90,374,success,373.7899823,5.36995,80,368,0.0133,output_step/iterations/axisy_theta90/it374_success
axisy_theta90,375,success,373.7899823,5.36995,80,368,0.0133,output_step/iterations/axisy_theta90/it375_success
axisy_theta90,376,success,373.7899823,5.36995,80,368,0.0134,output_step/iterations/axisy_theta90/it376_success
axisy_theta90,377,success,373.7899823,5.36995,80,368,0.0133,output_step/iterations/axisy_theta90/it377_success
axisy_theta90,378,success,373.7899823,5.36995,80,368,0.0127,output_step/iterations/axisy_theta90/it378_success
axisy_theta90,379,success,373.7899823,5.36995,80,368,0.0132,output_step/iterations/axisy_theta90/it379_success
axisy_theta90,380,success,373.7899823,5.36995,80,368,0.013,output_step/iterations/axisy_theta90/it380_success
axisy_theta90,381,success,373.7899823,5.36995,80,368,0.0132,output_step/iterations/axisy_theta90/it381_success
axisy_theta90,382,success,373.7899823,5.36995,80,368,0.013,output_step/iterations/axisy_theta90/it382_success
axisy_theta90,383,success,373.7899823,5.36995,80,368,0.0132,output_step/iterations/axisy_theta90/it383_success
axisy_theta90,384,success,373.7899823,5.36995,80,368,0.0133,output_step/iterations/axisy_theta90/it384_success
axisy_theta90,385,success,373.7899823,5.36995,80,368,0.0131,output_step/iterations/axisy_theta90/it385_success
axisy_theta90,386,success,373.7899823,5.36995,80,368,0.0133,output_step/iterations/axisy_theta90/it386_success
axisy_theta90,387,success,373.7899823,5.36995,80,368,0.0131,output_step/iterations/axisy_theta90/it387_success
axisy_theta90,388,success,373.7899823,5.36995,80,368,0.0128,output_step/iterations/axisy_theta90/it388_success
axisy_theta90,389,success,373.7899823,5.36995,80,368,0.0134,output_step/iterations/axisy_theta90/it389_success
axisy_theta90,390,success,373.7899823,5.36995,80,368,0.0131,output_step/iterations/axisy_theta90/it390_success
axisy_theta90,391,success,373.7899823,5.36995,80,368,0.0133,output_step/iterations/axisy_theta90/it391_success
axisy_theta90,392,success,373.7899823,5.36995,80,368,0.0132,output_step/iterations/axisy_theta90/it392_success
axisy_theta90,393,success,373.7899823,5.36995,80,368,0.0131,output_step/iterations/axisy_theta90/it393_success
axisy_theta90,394,success,373.7899823,5.36995,80,368,0.0132,output_step/iterations/axisy_theta90/it394_success
axisy_theta90,395,success,373.7899823,5.36995,80,368,0.0135,output_step/iterations/axisy_theta90/it395_success
axisy_theta90,396,success,373.7899823,5.36995,80,368,0.0133,output_step/iterations/axisy_theta90/it396_success
axisy_theta90,397,success,373.7899823,5.36995,80,368,0.0132,output_step/iterations/axisy_theta90/it397_success
axisy_theta90,398,success,373.7899823,5.36995,80,368,0.0131,output_step/iterations/axisy_theta90/it398_success
axisy_theta90,399,success,373.7899823,5.36995,80,368,0.0134,output_step/iterations/axisy_theta90/it399_success
axisy_theta90,400,success,373.7899823,5.36995,80,368,0.0132,output_step/iterations/axisy_theta90/it400_success
axisy_theta90,401,success,373.7899823,5.36995,80,368,0.0134,output_step/iterations/axisy_theta90/it401_success
axisy_theta90,402,success,373.7899823,5.36995,80,368,0.0135,output_step/iterations/axisy_theta90/it402_success
axisy_theta90,403,success,373.7899823,5.36995,80,368,0.013,output_step/iterations/axisy_theta90/it403_success
axisy_theta90,404,success,373.7899823,5.36995,80,368,0.0132,output_step/iterations/axisy_theta90/it404_success
axisy_theta90,405,success,373.7899823,5.36995,80,368,0.0129,output_step/iterations/axisy_theta90/it405_success
axisy_theta90,406,success,373.7899823,5.36995,80,368,0.0133,output_step/iterations/axisy_theta90/it406_success
axisy_theta90,407,success,373.7899823,5.36995,80,368,0.0133,output_step/iterations/axisy_theta90/it407_success
axisy_theta90,408,success,373.7899823,5.36995,80,368,0.0133,output_step/iterations/axisy_theta90/it408_success
axisy_theta90,409,success,373.7899823,5.36995,80,368,0.0133,output_step/iterations/axisy_theta90/it409_success
axisy_theta90,410,success,373.7899823,5.36995,80,368,0.0131,output_step/iterations/axisy_theta90/it410_success
axisy_theta90,411,success,373.7899823,5.36995,80,368,0.0131,output_step/iterations/axisy_theta90/it411_success
axisy_theta90,412,success,373.7899823,5.36995,80,368,0.0127,output_step/iterations/axisy_theta90/it412_success
axisy_theta90,413,success,373.7899823,5.36995,80,368,0.0133,output_step/iterations/axisy_theta90/it413_success
axisy_theta90,414,success,373.7899823,5.36995,80,368,0.0131,output_step/iterations/axisy_theta90/it414_success
axisy_theta90,415,success,373.7899823,5.36995,80,368,0.0132,output_step/iterations/axisy_theta90/it415_success
axisy_theta90,416,success,373.7899823,5.36995,80,368,0.0134,output_step/iterations/axisy_theta90/it416_success
axisy_theta90,417,success,373.7899823,5.36995,80,368,0.0132,output_step/iterations/axisy_theta90/it417_success
axisy_theta90,418,success,373.7899823,5.36995,80,368,0.0132,output_step/iterations/axisy_theta90/it418_success
axisy_theta90,419,success,373.7899823,5.36995,80,368,0.0134,output_step/iterations/axisy_theta90/it419_success
axisy_theta90,420,success,373.7899823,5.36995,80,368,0.0133,output_step/iterations/axisy_theta90/it420_success
axisy_theta90,421,success,373.7899823,5.36995,80,368,0.0134,output_step/iterations/axisy_theta90/it421_success
axisy_theta90,422,success,373.7899823,5.36995,80,368,0.0133,output_step/iterations/axisy_theta90/it422_success
axisy_theta90,423,success,373.7899823,5.36995,80,368,0.013,output_step/iterations/axisy_theta90/it423_success
axisy_theta90,424,success,373.7899823,5.36995,80,368,0.0134,output_step/iterations/axisy_theta90/it424_success
axisy_theta90,425,success,373.7899823,5.36995,80,368,0.0133,output_step/iterations/axisy_theta90/it425_success
axisy_theta90,426,success,373.7899823,5.36995,80,368,0.0132,output_step/iterations/axisy_theta90/it426_success
axisy_theta90,427,success,373.7899823,5.36995,80,368,0.0131,output_step/iterations/axisy_theta90/it427_success
axisy_theta90,428,success,373.7899823,5.36995,80,368,0.0132,output_step/iterations/axisy_theta90/it428_success
axisy_theta90,429,success,373.7899823,5.36995,80,368,0.0134,output_step/iterations/axisy_theta90/it429_success
axisy_theta90,430,success,373.7899823,5.36995,80,368,0.0127,output_step/iterations/axisy_theta90/it430_success
axisy_theta90,431,success,373.7899823,5.36995,80,368,0.0132,output_step/iterations/axisy_theta90/it431_success
axisy_theta90,432,success,373.7899823,5.36995,80,368,0.0131,output_step/iterations/axisy_theta90/it432_success
axisy_theta90,433,success,373.7899823,5.36995,80,368,0.0132,output_step/iterations/axisy_theta90/it433_success
axisy_theta90,434,success,373.7899823,5.36995,80,368,0.0133,output_step/iterations/axisy_theta90/it434_success
axisy_theta90,435,success,373.7899823,5.36995,80,368,0.0134,output_step/iterations/axisy_theta90/it435_success
axisy_theta90,436,success,373.7899823,5.36995,80,368,0.0132,output_step/iterations/axisy_theta90/it436_success
axisy_theta90,437,success,373.7899823,5.36995,80,368,0.0129,output_step/iterations/axisy_theta90/it437_success
axisy_theta90,438,success,373.7899823,5.36995,80,368,0.0132,output_step/iterations/axisy_theta90/it438_success
axisy_theta90,439,success,373.7899823,5.36995,80,368,0.0129,output_step/iterations/axisy_theta90/it439_success
axisy_theta90,440,success,373.7899823,5.36995,80,368,0.0132,output_step/iterations/axisy_theta90/it440_success
axisy_theta90,441,success,373.7899823,5.36995,80,368,0.0139,output_step/iterations/axisy_theta90/it441_success
axisy_theta90,442,success,373.7899823,5.36995,80,368,0.0131,output_step/iterations/axisy_theta90/it442_success
axisy_theta90,443,success,373.7899823,5.36995,80,368,0.0134,output_step/iterations/axisy_theta90/it443_success
axisy_theta90,444,success,373.7899823,5.36995,80,368,0.0131,output_step/iterations/axisy_theta90/it444_success
axisy_theta90,445,success,373.7899823,5.36995,80,368,0.0133,output_step/iterations/axisy_theta90/it445_success
axisy_theta90,446,success,373.7899823,5.36995,80,368,0.0132,output_step/iterations/axisy_theta90/it446_success
axisy_theta90,447,success,373.7899823,5.36995,80,368,0.0131,output_step/iterations/axisy_theta90/it447_success
axisy_theta90,448,success,373.7899823,5.36995,80,368,0.013,output_step/iterations/axisy_theta90/it448_success
axisy_theta90,449,success,373.7899823,5.36995,80,368,0.0134,output_step/iterations/axisy_theta90/it449_success
axisy_theta90,450,success,373.7899823,5.36995,80,368,0.0133,output_step/iterations/axisy_theta90/it450_success
axisy_theta90,451,success,373.7899823,5.36995,80,368,0.0133,output_step/iterations/axisy_theta90/it451_success
axisy_theta90,452,success,373.7899823,5.36995,80,368,0.0157,output_step/iterations/axisy_theta90/it452_success
axisy_theta90,453,success,373.7899823,5.36995,80,368,0.0127,output_step/iterations/axisy_theta90/it453_success
axisy_theta90,454,success,373.7899823,5.36995,80,368,0.0131,output_step/iterations/axisy_theta90/it454_success
axisy_theta90,455,success,373.7899823,5.36995,80,368,0.0134,output_step/iterations/axisy_theta90/it455_success
axisy_theta90,456,success,373.7899823,5.36995,80,368,0.0133,output_step/iterations/axisy_theta90/it456_success
axisy_theta90,457,success,373.7899823,5.36995,80,368,0.0132,output_step/iterations/axisy_theta90/it457_success
axisy_theta90,458,success,373.7899823,5.36995,80,368,0.0134,output_step/iterations/axisy_theta90/it458_success
axisy_theta90,459,success,373.7899823,5.36995,80,368,0.013,output_step/iterations/axisy_theta90/it459_success
axisy_theta90,460,success,373.7899823,5.36995,80,368,0.013,output_step/iterations/axisy_theta90/it460_success
axisy_theta90,461,success,373.7899823,5.36995,80,368,0.0131,output_step/iterations/axisy_theta90/it461_success
axisy_theta90,462,success,373.7899823,5.36995,80,368,0.0132,output_step/iterations/axisy_theta90/it462_success
axisy_theta90,463,success,373.7899823,5.36995,80,368,0.0131,output_step/iterations/axisy_theta90/it463_success
axisy_theta90,464,success,373.7899823,5.36995,80,368,0.0131,output_step/iterations/axisy_theta90/it464_success
axisy_theta90,465,success,373.7899823,5.36995,80,368,0.0133,output_step/iterations/axisy_theta90/it465_success
axisy_theta90,466,success,373.7899823,5.36995,80,368,0.013,output_step/iterations/axisy_theta90/it466_success
axisy_theta90,467,success,373.7899823,5.36995,80,368,0.0131,output_step/iterations/axisy_theta90/it467_success
axisy_theta90,468,success,373.7899823,5.36995,80,368,0.0134,output_step/iterations/axisy_theta90/it468_success
axisy_theta90,469,success,373.7899823,5.36995,80,368,0.0129,output_step/iterations/axisy_theta90/it469_success
axisy_theta90,470,success,373.7899823,5.36995,80,368,0.0132,output_step/iterations/axisy_theta90/it470_success
axisy_theta90,471,success,373.7899823,5.36995,80,368,0.0128,output_step/iterations/axisy_theta90/it471_success
axisy_theta90,472,success,373.7899823,5.36995,80,368,0.0134,output_step/iterations/axisy_theta90/it472_success
axisy_theta90,473,success,373.7899823,5.36995,80,368,0.0133,output_step/iterations/axisy_theta90/it473_success
axisy_theta90,474,success,373.7899823,5.36995,80,368,0.0132,output_step/iterations/axisy_theta90/it474_success
axisy_theta90,475,success,373.7899823,5.36995,80,368,0.0135,output_step/iterations/axisy_theta90/it475_success
axisy_theta90,476,success,373.7899823,5.36995,80,368,0.0132,output_step/iterations/axisy_theta90/it476_success
axisy_theta90,477,success,373.7899823,5.36995,80,368,0.0134,output_step/iterations/axisy_theta90/it477_success
axisy_theta90,478,success,373.7899823,5.36995,80,368,0.013,output_step/iterations/axisy_theta90/it478_success
axisy_theta90,479,success,373.7899823,5.36995,80,368,0.0134,output_step/iterations/axisy_theta90/it479_success
axisy_theta90,480,success,373.7899823,5.36995,80,368,0.0135,output_step/iterations/axisy_theta90/it480_success
axisy_theta90,481,success,373.7899823,5.36995,80,368,0.0132,output_step/iterations/axisy_theta90/it481_success
axisy_theta90,482,success,373.7899823,5.36995,80,368,0.0134,output_step/iterations/axisy_theta90/it482_success
axisy_theta90,483,success,373.7899823,5.36995,80,368,0.0131,output_step/iterations/axisy_theta90/it483_success
axisy_theta90,484,success,373.7899823,5.36995,80,368,0.0131,output_step/iterations/axisy_theta90/it484_success
axisy_theta90,485,success,373.7899823,5.36995,80,368,0.0133,output_step/iterations/axisy_theta90/it485_success
axisy_theta90,486,success,373.7899823,5.36995,80,368,0.0132,output_step/iterations/axisy_theta90/it486_success
axisy_theta90,487,success,373.7899823,5.36995,80,368,0.0131,output_step/iterations/axisy_theta90/it487_success
axisy_theta90,488,success,373.7899823,5.36995,80,368,0.0134,output_step/iterations/axisy_theta90/it488_success
axisy_theta90,489,success,373.7899823,5.36995,80,368,0.0133,output_step/iterations/axisy_theta90/it489_success
axisy_theta90,490,success,373.7899823,5.36995,80,368,0.0133,output_step/iterations/axisy_theta90/it490_success
axisy_theta90,491,success,373.7899823,5.36995,80,368,0.0133,output_step/iterations/axisy_theta90/it491_success
axisy_theta90,492,success,373.7899823,5.36995,80,368,0.0131,output_step/iterations/axisy_theta90/it492_success
axisy_theta90,493,success,373.7899823,5.36995,80,368,0.0131,output_step/iterations/axisy_theta90/it493_success
axisy_theta90,494,success,373.7899823,5.36995,80,368,0.0132,output_step/iterations/axisy_theta90/it494_success
axisy_theta90,495,success,373.7899823,5.36995,80,368,0.0134,output_step/iterations/axisy_theta90/it495_success
axisy_theta90,496,success,373.7899823,5.36995,80,368,0.0132,output_step/iterations/axisy_theta90/it496_success
axisy_theta90,497,success,373.7899823,5.36995,80,368,0.0132,output_step/iterations/axisy_theta90/it497_success
axisy_theta90,498,success,373.7899823,5.36995,80,368,0.0132,output_step/iterations/axisy_theta90/it498_success
axisy_theta90,499,success,373.7899823,5.36995,80,368,0.0134,output_step/iterations/axisy_theta90/it499_success
axisy_theta90,500,success,373.7899823,5.36995,80,368,0.0131,output_step/iterations/axisy_theta90/it500_success
axisy_theta180,1,success,4840.714505,69.5428,68,264,0.0126,output_step/iterations/axisy_theta180/it001_success
axisy_theta180,2,success,4840.714505,69.5428,68,264,0.0119,output_step/iterations/axisy_theta180/it002_success
axisy_theta180,3,success,4840.714505,69.5428,68,264,0.0118,output_step/iterations/axisy_theta180/it003_success
axisy_theta180,4,success,4840.714505,69.5428,68,264,0.0119,output_step/iterations/axisy_theta180/it004_success
axisy_theta180,5,success,4840.714505,69.5428,68,264,0.0121,output_step/iterations/axisy_theta180/it005_success
axisy_theta180,6,success,4840.714505,69.5428,68,264,0.0118,output_step/iterations/axisy_theta180/it006_success
axisy_theta180,7,success,4840.714505,69.5428,68,264,0.012,output_step/iterations/axisy_theta180/it007_success
axisy_theta180,8,success,4840.714505,69.5428,68,264,0.012,output_step/iterations/axisy_theta180/it008_success
axisy_theta180,9,success,4840.714505,69.5428,68,264,0.0122,output_step/iterations/axisy_theta180/it009_success
axisy_theta180,10,success,4840.714505,69.5428,68,264,0.012,output_step/iterations/axisy_theta180/it010_success
axisy_theta180,11,success,4840.714505,69.5428,68,264,0.0119,output_step/iterations/axisy_theta180/it011_success
axisy_theta180,12,success,4840.714505,69.5428,68,264,0.012,output_step/iterations/axisy_theta180/it012_success
axisy_theta180,13,success,4840.714505,69.5428,68,264,0.0118,output_step/iterations/axisy_theta180/it013_success
axisy_theta180,14,success,4840.714505,69.5428,68,264,0.0122,output_step/iterations/axisy_theta180/it014_success
axisy_theta180,15,success,4840.714505,69.5428,68,264,0.012,output_step/iterations/axisy_theta180/it015_success
axisy_theta180,16,success,4840.714505,69.5428,68,264,0.0119,output_step/iterations/axisy_theta180/it016_success
axisy_theta180,17,success,4840.714505,69.5428,68,264,0.0121,output_step/iterations/axisy_theta180/it017_success
axisy_theta180,18,success,4840.714505,69.5428,68,264,0.0119,output_step/iterations/axisy_theta180/it018_success
axisy_theta180,19,success,4840.714505,69.5428,68,264,0.0121,output_step/iterations/axisy_theta180/it019_success
axisy_theta180,20,success,4840.714505,69.5428,68,264,0.0121,output_step/iterations/axisy_theta180/it020_success
axisy_theta180,21,success,4840.714505,69.5428,68,264,0.0121,output_step/iterations/axisy_theta180/it021_success
axisy_theta180,22,success,4840.714505,69.5428,68,264,0.0121,output_step/iterations/axisy_theta180/it022_success
axisy_theta180,23,success,4840.714505,69.5428,68,264,0.0118,output_step/iterations/axisy_theta180/it023_success
axisy_theta180,24,success,4840.714505,69.5428,68,264,0.0122,output_step/iterations/axisy_theta180/it024_success
axisy_theta180,25,success,4840.714505,69.5428,68,264,0.0121,output_step/iterations/axisy_theta180/it025_success
axisy_theta180,26,success,4840.714505,69.5428,68,264,0.0124,output_step/iterations/axisy_theta180/it026_success
axisy_theta180,27,success,4840.714505,69.5428,68,264,0.0121,output_step/iterations/axisy_theta180/it027_success
axisy_theta180,28,success,4840.714505,69.5428,68,264,0.012,output_step/iterations/axisy_theta180/it028_success
axisy_theta180,29,success,4840.714505,69.5428,68,264,0.0122,output_step/iterations/axisy_theta180/it029_success
axisy_theta180,30,success,4840.714505,69.5428,68,264,0.0121,output_step/iterations/axisy_theta180/it030_success
axisy_theta180,31,success,4840.714505,69.5428,68,264,0.012,output_step/iterations/axisy_theta180/it031_success
axisy_theta180,32,success,4840.714505,69.5428,68,264,0.0118,output_step/iterations/axisy_theta180/it032_success
axisy_theta180,33,success,4840.714505,69.5428,68,264,0.0122,output_step/iterations/axisy_theta180/it033_success
axisy_theta180,34,success,4840.714505,69.5428,68,264,0.012,output_step/iterations/axisy_theta180/it034_success
axisy_theta180,35,success,4840.714505,69.5428,68,264,0.0122,output_step/iterations/axisy_theta180/it035_success
axisy_theta180,36,success,4840.714505,69.5428,68,264,0.0127,output_step/iterations/axisy_theta180/it036_success
axisy_theta180,37,success,4840.714505,69.5428,68,264,0.0119,output_step/iterations/axisy_theta180/it037_success
axisy_theta180,38,success,4840.714505,69.5428,68,264,0.0119,output_step/iterations/axisy_theta180/it038_success
axisy_theta180,39,success,4840.714505,69.5428,68,264,0.012,output_step/iterations/axisy_theta180/it039_success
axisy_theta180,40,success,4840.714505,69.5428,68,264,0.0121,output_step/iterations/axisy_theta180/it040_success
axisy_theta180,41,success,4840.714505,69.5428,68,264,0.0117,output_step/iterations/axisy_theta180/it041_success
axisy_theta180,42,success,4840.714505,69.5428,68,264,0.0121,output_step/iterations/axisy_theta180/it042_success
axisy_theta180,43,success,4840.714505,69.5428,68,264,0.0122,output_step/iterations/axisy_theta180/it043_success
axisy_theta180,44,success,4840.714505,69.5428,68,264,0.0118,output_step/iterations/axisy_theta180/it044_success
axisy_theta180,45,success,4840.714505,69.5428,68,264,0.0122,output_step/iterations/axisy_theta180/it045_success
axisy_theta180,46,success,4840.714505,69.5428,68,264,0.0121,output_step/iterations/axisy_theta180/it046_success
axisy_theta180,47,success,4840.714505,69.5428,68,264,0.012,output_step/iterations/axisy_theta180/it047_success
axisy_theta180,48,success,4840.714505,69.5428,68,264,0.0121,output_step/iterations/axisy_theta180/it048_success
axisy_theta180,49,success,4840.714505,69.5428,68,264,0.0119,output_step/iterations/axisy_theta180/it049_success
axisy_theta180,50,success,4840.714505,69.5428,68,264,0.0119,output_step/iterations/axisy_theta180/it050_success
axisy_theta180,51,success,4840.714505,69.5428,68,264,0.0125,output_step/iterations/axisy_theta180/it051_success
axisy_theta180,52,success,4840.714505,69.5428,68,264,0.0121,output_step/iterations/axisy_theta180/it052_success
axisy_theta180,53,success,4840.714505,69.5428,68,264,0.0123,output_step/iterations/axisy_theta180/it053_success
axisy_theta180,54,success,4840.714505,69.5428,68,264,0.0122,output_step/iterations/axisy_theta180/it054_success
axisy_theta180,55,success,4840.714505,69.5428,68,264,0.0121,output_step/iterations/axisy_theta180/it055_success
axisy_theta180,56,success,4840.714505,69.5428,68,264,0.0119,output_step/iterations/axisy_theta180/it056_success
axisy_theta180,57,success,4840.714505,69.5428,68,264,0.0122,output_step/iterations/axisy_theta180/it057_success
axisy_theta180,58,success,4840.714505,69.5428,68,264,0.0122,output_step/iterations/axisy_theta180/it058_success
axisy_theta180,59,success,4840.714505,69.5428,68,264,0.0119,output_step/iterations/axisy_theta180/it059_success
axisy_theta180,60,success,4840.714505,69.5428,68,264,0.0121,output_step/iterations/axisy_theta180/it060_success
axisy_theta180,61,success,4840.714505,69.5428,68,264,0.0122,output_step/iterations/axisy_theta180/it061_success
axisy_theta180,62,success,4840.714505,69.5428,68,264,0.0121,output_step/iterations/axisy_theta180/it062_success
axisy_theta180,63,success,4840.714505,69.5428,68,264,0.0122,output_step/iterations/axisy_theta180/it063_success
axisy_theta180,64,success,4840.714505,69.5428,68,264,0.012,output_step/iterations/axisy_theta180/it064_success
axisy_theta180,65,success,4840.714505,69.5428,68,264,0.0122,output_step/iterations/axisy_theta180/it065_success
axisy_theta180,66,success,4840.714505,69.5428,68,264,0.0121,output_step/iterations/axisy_theta180/it066_success
axisy_theta180,67,success,4840.714505,69.5428,68,264,0.012,output_step/iterations/axisy_theta180/it067_success
axisy_theta180,68,success,4840.714505,69.5428,68,264,0.0122,output_step/iterations/axisy_theta180/it068_success
axisy_theta180,69,success,4840.714505,69.5428,68,264,0.012,output_step/iterations/axisy_theta180/it069_success
axisy_theta180,70,success,4840.714505,69.5428,68,264,0.0121,output_step/iterations/axisy_theta180/it070_success
axisy_theta180,71,success,4840.714505,69.5428,68,264,0.0119,output_step/iterations/axisy_theta180/it071_success
axisy_theta180,72,success,4840.714505,69.5428,68,264,0.012,output_step/iterations/axisy_theta180/it072_success
axisy_theta180,73,success,4840.714505,69.5428,68,264,0.0121,output_step/iterations/axisy_theta180/it073_success
axisy_theta180,74,success,4840.714505,69.5428,68,264,0.0123,output_step/iterations/axisy_theta180/it074_success
axisy_theta180,75,success,4840.714505,69.5428,68,264,0.0122,output_step/iterations/axisy_theta180/it075_success
axisy_theta180,76,success,4840.714505,69.5428,68,264,0.0125,output_step/iterations/axisy_theta180/it076_success
axisy_theta180,77,success,4840.714505,69.5428,68,264,0.0121,output_step/iterations/axisy_theta180/it077_success
axisy_theta180,78,success,4840.714505,69.5428,68,264,0.012,output_step/iterations/axisy_theta180/it078_success
axisy_theta180,79,success,4840.714505,69.5428,68,264,0.0142,output_step/iterations/axisy_theta180/it079_success
axisy_theta180,80,success,4840.714505,69.5428,68,264,0.012,output_step/iterations/axisy_theta180/it080_success
axisy_theta180,81,success,4840.714505,69.5428,68,264,0.0121,output_step/iterations/axisy_theta180/it081_success
axisy_theta180,82,success,4840.714505,69.5428,68,264,0.0129,output_step/iterations/axisy_theta180/it082_success
axisy_theta180,83,success,4840.714505,69.5428,68,264,0.012,output_step/iterations/axisy_theta180/it083_success
axisy_theta180,84,success,4840.714505,69.5428,68,264,0.012,output_step/iterations/axisy_theta180/it084_success
axisy_theta180,85,success,4840.714505,69.5428,68,264,0.0123,output_step/iterations/axisy_theta180/it085_success
axisy_theta180,86,success,4840.714505,69.5428,68,264,0.012,output_step/iterations/axisy_theta180/it086_success
axisy_theta180,87,success,4840.714505,69.5428,68,264,0.0121,output_step/iterations/axisy_theta180/it087_success
axisy_theta180,88,success,4840.714505,69.5428,68,264,0.0121,output_step/iterations/axisy_theta180/it088_success
axisy_theta180,89,success,4840.714505,69.5428,68,264,0.012,output_step/iterations/axisy_theta180/it089_success
axisy_theta180,90,success,4840.714505,69.5428,68,264,0.012,output_step/iterations/axisy_theta180/it090_success
axisy_theta180,91,success,4840.714505,69.5428,68,264,0.0117,output_step/iterations/axisy_theta180/it091_success
axisy_theta180,92,success,4840.714505,69.5428,68,264,0.0121,output_step/iterations/axisy_theta180/it092_success
axisy_theta180,93,success,4840.714505,69.5428,68,264,0.0121,output_step/iterations/axisy_theta180/it093_success
axisy_theta180,94,success,4840.714505,69.5428,68,264,0.0121,output_step/iterations/axisy_theta180/it094_success
axisy_theta180,95,success,4840.714505,69.5428,68,264,0.012,output_step/iterations/axisy_theta180/it095_success
axisy_theta180,96,success,4840.714505,69.5428,68,264,0.0123,output_step/iterations/axisy_theta180/it096_success
axisy_theta180,97,success,4840.714505,69.5428,68,264,0.0122,output_step/iterations/axisy_theta180/it097_success
axisy_theta180,98,success,4840.714505,69.5428,68,264,0.0121,output_step/iterations/axisy_theta180/it098_success
axisy_theta180,99,success,4840.714505,69.5428,68,264,0.0123,output_step/iterations/axisy_theta180/it099_success
axisy_theta180,100,success,4840.714505,69.5428,68,264,0.0122,output_step/iterations/axisy_theta180/it100_success
axisy_theta180,101,success,4840.714505,69.5428,68,264,0.0121,output_step/iterations/axisy_theta180/it101_success
axisy_theta180,102,success,4840.714505,69.5428,68,264,0.012,output_step/iterations/axisy_theta180/it102_success
axisy_theta180,103,success,4840.714505,69.5428,68,264,0.0121,output_step/iterations/axisy_theta180/it103_success
axisy_theta180,104,success,4840.714505,69.5428,68,264,0.012,output_step/iterations/axisy_theta180/it104_success
axisy_theta180,105,success,4840.714505,69.5428,68,264,0.0119,output_step/iterations/axisy_theta180/it105_success
axisy_theta180,106,success,4840.714505,69.5428,68,264,0.0121,output_step/iterations/axisy_theta180/it106_success
axisy_theta180,107,success,4840.714505,69.5428,68,264,0.0123,output_step/iterations/axisy_theta180/it107_success
axisy_theta180,108,success,4840.714505,69.5428,68,264,0.0121,output_step/iterations/axisy_theta180/it108_success
axisy_theta180,109,success,4840.714505,69.5428,68,264,0.0122,output_step/iterations/axisy_theta180/it109_success
axisy_theta180,110,success,4840.714505,69.5428,68,264,0.0123,output_step/iterations/axisy_theta180/it110_success
axisy_theta180,111,success,4840.714505,69.5428,68,264,0.0122,output_step/iterations/axisy_theta180/it111_success
axisy_theta180,112,success,4840.714505,69.5428,68,264,0.0123,output_step/iterations/axisy_theta180/it112_success
axisy_theta180,113,success,4840.714505,69.5428,68,264,0.0122,output_step/iterations/axisy_theta180/it113_success
axisy_theta180,114,success,4840.714505,69.5428,68,264,0.012,output_step/iterations/axisy_theta180/it114_success
axisy_theta180,115,success,4840.714505,69.5428,68,264,0.0121,output_step/iterations/axisy_theta180/it115_success
axisy_theta180,116,success,4840.714505,69.5428,68,264,0.012,output_step/iterations/axisy_theta180/it116_success
axisy_theta180,117,success,4840.714505,69.5428,68,264,0.0121,output_step/iterations/axisy_theta180/it117_success
axisy_theta180,118,success,4840.714505,69.5428,68,264,0.012,output_step/iterations/axisy_theta180/it118_success
axisy_theta180,119,success,4840.714505,69.5428,68,264,0.0121,output_step/iterations/axisy_theta180/it119_success
axisy_theta180,120,success,4840.714505,69.5428,68,264,0.012,output_step/iterations/axisy_theta180/it120_success
axisy_theta180,121,success,4840.714505,69.5428,68,264,0.0119,output_step/iterations/axisy_theta180/it121_success
axisy_theta180,122,success,4840.714505,69.5428,68,264,0.0121,output_step/iterations/axisy_theta180/it122_success
axisy_theta180,123,success,4840.714505,69.5428,68,264,0.012,output_step/iterations/axisy_theta180/it123_success
axisy_theta180,124,success,4840.714505,69.5428,68,264,0.0122,output_step/iterations/axisy_theta180/it124_success
axisy_theta180,125,success,4840.714505,69.5428,68,264,0.0122,output_step/iterations/axisy_theta180/it125_success
axisy_theta180,126,success,4840.714505,69.5428,68,264,0.0121,output_step/iterations/axisy_theta180/it126_success
axisy_theta180,127,success,4840.714505,69.5428,68,264,0.012,output_step/iterations/axisy_theta180/it127_success
axisy_theta180,128,success,4840.714505,69.5428,68,264,0.0122,output_step/iterations/axisy_theta180/it128_success
axisy_theta180,129,success,4840.714505,69.5428,68,264,0.0121,output_step/iterations/axisy_theta180/it129_success
axisy_theta180,130,success,4840.714505,69.5428,68,264,0.0124,output_step/iterations/axisy_theta180/it130_success
axisy_theta180,131,success,4840.714505,69.5428,68,264,0.0122,output_step/iterations/axisy_theta180/it131_success
axisy_theta180,132,success,4840.714505,69.5428,68,264,0.0121,output_step/iterations/axisy_theta180/it132_success
axisy_theta180,133,success,4840.714505,69.5428,68,264,0.0122,output_step/iterations/axisy_theta180/it133_success
axisy_theta180,134,success,4840.714505,69.5428,68,264,0.0122,output_step/iterations/axisy_theta180/it134_success
axisy_theta180,135,success,4840.714505,69.5428,68,264,0.0118,output_step/iterations/axisy_theta180/it135_success
axisy_theta180,136,success,4840.714505,69.5428,68,264,0.012,output_step/iterations/axisy_theta180/it136_success
axisy_theta180,137,success,4840.714505,69.5428,68,264,0.0121,output_step/iterations/axisy_theta180/it137_success
axisy_theta180,138,success,4840.714505,69.5428,68,264,0.0121,output_step/iterations/axisy_theta180/it138_success
axisy_theta180,139,success,4840.714505,69.5428,68,264,0.012,output_step/iterations/axisy_theta180/it139_success
axisy_theta180,140,success,4840.714505,69.5428,68,264,0.0119,output_step/iterations/axisy_theta180/it140_success
axisy_theta180,141,success,4840.714505,69.5428,68,264,0.0123,output_step/iterations/axisy_theta180/it141_success
axisy_theta180,142,success,4840.714505,69.5428,68,264,0.0121,output_step/iterations/axisy_theta180/it142_success
axisy_theta180,143,success,4840.714505,69.5428,68,264,0.0122,output_step/iterations/axisy_theta180/it143_success
axisy_theta180,144,success,4840.714505,69.5428,68,264,0.0121,output_step/iterations/axisy_theta180/it144_success
axisy_theta180,145,success,4840.714505,69.5428,68,264,0.0122,output_step/iterations/axisy_theta180/it145_success
axisy_theta180,146,success,4840.714505,69.5428,68,264,0.0121,output_step/iterations/axisy_theta180/it146_success
axisy_theta180,147,success,4840.714505,69.5428,68,264,0.0122,output_step/iterations/axisy_theta180/it147_success
axisy_theta180,148,success,4840.714505,69.5428,68,264,0.0122,output_step/iterations/axisy_theta180/it148_success
axisy_theta180,149,success,4840.714505,69.5428,68,264,0.012,output_step/iterations/axisy_theta180/it149_success
axisy_theta180,150,success,4840.714505,69.5428,68,264,0.012,output_step/iterations/axisy_theta180/it150_success
axisy_theta180,151,success,4840.714505,69.5428,68,264,0.0124,output_step/iterations/axisy_theta180/it151_success
axisy_theta180,152,success,4840.714505,69.5428,68,264,0.0119,output_step/iterations/axisy_theta180/it152_success
axisy_theta180,153,success,4840.714505,69.5428,68,264,0.0123,output_step/iterations/axisy_theta180/it153_success
axisy_theta180,154,success,4840.714505,69.5428,68,264,0.0122,output_step/iterations/axisy_theta180/it154_success
axisy_theta180,155,success,4840.714505,69.5428,68,264,0.0122,output_step/iterations/axisy_theta180/it155_success
axisy_theta180,156,success,4840.714505,69.5428,68,264,0.0121,output_step/iterations/axisy_theta180/it156_success
axisy_theta180,157,success,4840.714505,69.5428,68,264,0.012,output_step/iterations/axisy_theta180/it157_success
axisy_theta180,158,success,4840.714505,69.5428,68,264,0.0121,output_step/iterations/axisy_theta180/it158_success
axisy_theta180,159,success,4840.714505,69.5428,68,264,0.0118,output_step/iterations/axisy_theta180/it159_success
axisy_theta180,160,success,4840.714505,69.5428,68,264,0.0121,output_step/iterations/axisy_theta180/it160_success
axisy_theta180,161,success,4840.714505,69.5428,68,264,0.0119,output_step/iterations/axisy_theta180/it161_success
axisy_theta180,162,success,4840.714505,69.5428,68,264,0.0121,output_step/iterations/axisy_theta180/it162_success
axisy_theta180,163,success,4840.714505,69.5428,68,264,0.0123,output_step/iterations/axisy_theta180/it163_success
axisy_theta180,164,success,4840.714505,69.5428,68,264,0.0122,output_step/iterations/axisy_theta180/it164_success
axisy_theta180,165,success,4840.714505,69.5428,68,264,0.0118,output_step/iterations/axisy_theta180/it165_success
axisy_theta180,166,success,4840.714505,69.5428,68,264,0.0121,output_step/iterations/axisy_theta180/it166_success
axisy_theta180,167,success,4840.714505,69.5428,68,264,0.0122,output_step/iterations/axisy_theta180/it167_success
axisy_theta180,168,success,4840.714505,69.5428,68,264,0.0121,output_step/iterations/axisy_theta180/it168_success
axisy_theta180,169,success,4840.714505,69.5428,68,264,0.0119,output_step/iterations/axisy_theta180/it169_success
axisy_theta180,170,success,4840.714505,69.5428,68,264,0.0121,output_step/iterations/axisy_theta180/it170_success
axisy_theta180,171,success,4840.714505,69.5428,68,264,0.0121,output_step/iterations/axisy_theta180/it171_success
axisy_theta180,172,success,4840.714505,69.5428,68,264,0.0122,output_step/iterations/axisy_theta180/it172_success
axisy_theta180,173,success,4840.714505,69.5428,68,264,0.0124,output_step/iterations/axisy_theta180/it173_success
axisy_theta180,174,success,4840.714505,69.5428,68,264,0.013,output_step/iterations/axisy_theta180/it174_success
axisy_theta180,175,success,4840.714505,69.5428,68,264,0.0119,output_step/iterations/axisy_theta180/it175_success
axisy_theta180,176,success,4840.714505,69.5428,68,264,0.0121,output_step/iterations/axisy_theta180/it176_success
axisy_theta180,177,success,4840.714505,69.5428,68,264,0.0119,output_step/iterations/axisy_theta180/it177_success
axisy_theta180,178,success,4840.714505,69.5428,68,264,0.0121,output_step/iterations/axisy_theta180/it178_success
axisy_theta180,179,success,4840.714505,69.5428,68,264,0.0121,output_step/iterations/axisy_theta180/it179_success
axisy_theta180,180,success,4840.714505,69.5428,68,264,0.0122,output_step/iterations/axisy_theta180/it180_success
axisy_theta180,181,success,4840.714505,69.5428,68,264,0.012,output_step/iterations/axisy_theta180/it181_success
axisy_theta180,182,success,4840.714505,69.5428,68,264,0.0122,output_step/iterations/axisy_theta180/it182_success
axisy_theta180,183,success,4840.714505,69.5428,68,264,0.0124,output_step/iterations/axisy_theta180/it183_success
axisy_theta180,184,success,4840.714505,69.5428,68,264,0.0118,output_step/iterations/axisy_theta180/it184_success
axisy_theta180,185,success,4840.714505,69.5428,68,264,0.0123,output_step/iterations/axisy_theta180/it185_success
axisy_theta180,186,success,4840.714505,69.5428,68,264,0.0119,output_step/iterations/axisy_theta180/it186_success
axisy_theta180,187,success,4840.714505,69.5428,68,264,0.012,output_step/iterations/axisy_theta180/it187_success
axisy_theta180,188,success,4840.714505,69.5428,68,264,0.0119,output_step/iterations/axisy_theta180/it188_success
axisy_theta180,189,success,4840.714505,69.5428,68,264,0.0123,output_step/iterations/axisy_theta180/it189_success
axisy_theta180,190,success,4840.714505,69.5428,68,264,0.0123,output_step/iterations/axisy_theta180/it190_success
axisy_theta180,191,success,4840.714505,69.5428,68,264,0.0146,output_step/iterations/axisy_theta180/it191_success
axisy_theta180,192,success,4840.714505,69.5428,68,264,0.012,output_step/iterations/axisy_theta180/it192_success
axisy_theta180,193,success,4840.714505,69.5428,68,264,0.0119,output_step/iterations/axisy_theta180/it193_success
axisy_theta180,194,success,4840.714505,69.5428,68,264,0.0122,output_step/iterations/axisy_theta180/it194_success
axisy_theta180,195,success,4840.714505,69.5428,68,264,0.0121,output_step/iterations/axisy_theta180/it195_success
axisy_theta180,196,success,4840.714505,69.5428,68,264,0.0123,output_step/iterations/axisy_theta180/it196_success
axisy_theta180,197,success,4840.714505,69.5428,68,264,0.0119,output_step/iterations/axisy_theta180/it197_success
axisy_theta180,198,success,4840.714505,69.5428,68,264,0.0123,output_step/iterations/axisy_theta180/it198_success
axisy_theta180,199,success,4840.714505,69.5428,68,264,0.0121,output_step/iterations/axisy_theta180/it199_success
axisy_theta180,200,success,4840.714505,69.5428,68,264,0.0121,output_step/iterations/axisy_theta180/it200_success
axisy_theta180,201,success,4840.714505,69.5428,68,264,0.0116,output_step/iterations/axisy_theta180/it201_success
axisy_theta180,202,success,4840.714505,69.5428,68,264,0.0122,output_step/iterations/axisy_theta180/it202_success
axisy_theta180,203,success,4840.714505,69.5428,68,264,0.0121,output_step/iterations/axisy_theta180/it203_success
axisy_theta180,204,success,4840.714505,69.5428,68,264,0.0121,output_step/iterations/axisy_theta180/it204_success
axisy_theta180,205,success,4840.714505,69.5428,68,264,0.0121,output_step/iterations/axisy_theta180/it205_success
axisy_theta180,206,success,4840.714505,69.5428,68,264,0.012,output_step/iterations/axisy_theta180/it206_success
axisy_theta180,207,success,4840.714505,69.5428,68,264,0.0119,output_step/iterations/axisy_theta180/it207_success
axisy_theta180,208,success,4840.714505,69.5428,68,264,0.0123,output_step/iterations/axisy_theta180/it208_success
axisy_theta180,209,success,4840.714505,69.5428,68,264,0.0121,output_step/iterations/axisy_theta180/it209_success
axisy_theta180,210,success,4840.714505,69.5428,68,264,0.0121,output_step/iterations/axisy_theta180/it210_success
axisy_theta180,211,success,4840.714505,69.5428,68,264,0.0119,output_step/iterations/axisy_theta180/it211_success
axisy_theta180,212,success,4840.714505,69.5428,68,264,0.0119,output_step/iterations/axisy_theta180/it212_success
axisy_theta180,213,success,4840.714505,69.5428,68,264,0.0121,output_step/iterations/axisy_theta180/it213_success
axisy_theta180,214,success,4840.714505,69.5428,68,264,0.0122,output_step/iterations/axisy_theta180/it214_success
axisy_theta180,215,success,4840.714505,69.5428,68,264,0.012,output_step/iterations/axisy_theta180/it215_success
axisy_theta180,216,success,4840.714505,69.5428,68,264,0.012,output_step/iterations/axisy_theta180/it216_success
axisy_theta180,217,success,4840.714505,69.5428,68,264,0.0119,output_step/iterations/axisy_theta180/it217_success
axisy_theta180,218,success,4840.714505,69.5428,68,264,0.0122,output_step/iterations/axisy_theta180/it218_success
axisy_theta180,219,success,4840.714505,69.5428,68,264,0.0124,output_step/iterations/axisy_theta180/it219_success
axisy_theta180,220,success,4840.714505,69.5428,68,264,0.0121,output_step/iterations/axisy_theta180/it220_success
axisy_theta180,221,success,4840.714505,69.5428,68,264,0.012,output_step/iterations/axisy_theta180/it221_success
axisy_theta180,222,success,4840.714505,69.5428,68,264,0.0122,output_step/iterations/axisy_theta180/it222_success
axisy_theta180,223,success,4840.714505,69.5428,68,264,0.0121,output_step/iterations/axisy_theta180/it223_success
axisy_theta180,224,success,4840.714505,69.5428,68,264,0.0123,output_step/iterations/axisy_theta180/it224_success
axisy_theta180,225,success,4840.714505,69.5428,68,264,0.0121,output_step/iterations/axisy_theta180/it225_success
axisy_theta180,226,success,4840.714505,69.5428,68,264,0.0118,output_step/iterations/axisy_theta180/it226_success
axisy_theta180,227,success,4840.714505,69.5428,68,264,0.0122,output_step/iterations/axisy_theta180/it227_success
axisy_theta180,228,success,4840.714505,69.5428,68,264,0.012,output_step/iterations/axisy_theta180/it228_success
axisy_theta180,229,success,4840.714505,69.5428,68,264,0.0121,output_step/iterations/axisy_theta180/it229_success
axisy_theta180,230,success,4840.714505,69.5428,68,264,0.012,output_step/iterations/axisy_theta180/it230_success
axisy_theta180,231,success,4840.714505,69.5428,68,264,0.012,output_step/iterations/axisy_theta180/it231_success
axisy_theta180,232,success,4840.714505,69.5428,68,264,0.0122,output_step/iterations/axisy_theta180/it232_success
axisy_theta180,233,success,4840.714505,69.5428,68,264,0.0121,output_step/iterations/axisy_theta180/it233_success
axisy_theta180,234,success,4840.714505,69.5428,68,264,0.0116,output_step/iterations/axisy_theta180/it234_success
axisy_theta180,235,success,4840.714505,69.5428,68,264,0.0124,output_step/iterations/axisy_theta180/it235_success
axisy_theta180,236,success,4840.714505,69.5428,68,264,0.012,output_step/iterations/axisy_theta180/it236_success
axisy_theta180,237,success,4840.714505,69.5428,68,264,0.012,output_step/iterations/axisy_theta180/it237_success
axisy_theta180,238,success,4840.714505,69.5428,68,264,0.0119,output_step/iterations/axisy_theta180/it238_success
axisy_theta180,239,success,4840.714505,69.5428,68,264,0.0122,output_step/iterations/axisy_theta180/it239_success
axisy_theta180,240,success,4840.714505,69.5428,68,264,0.0121,output_step/iterations/axisy_theta180/it240_success
axisy_theta180,241,success,4840.714505,69.5428,68,264,0.012,output_step/iterations/axisy_theta180/it241_success
axisy_theta180,242,success,4840.714505,69.5428,68,264,0.012,output_step/iterations/axisy_theta180/it242_success
axisy_theta180,243,success,4840.714505,69.5428,68,264,0.0122,output_step/iterations/axisy_theta180/it243_success
axisy_theta180,244,success,4840.714505,69.5428,68,264,0.0119,output_step/iterations/axisy_theta180/it244_success
axisy_theta180,245,success,4840.714505,69.5428,68,264,0.0122,output_step/iterations/axisy_theta180/it245_success
axisy_theta180,246,success,4840.714505,69.5428,68,264,0.012,output_step/iterations/axisy_theta180/it246_success
axisy_theta180,247,success,4840.714505,69.5428,68,264,0.0119,output_step/iterations/axisy_theta180/it247_success
axisy_theta180,248,success,4840.714505,69.5428,68,264,0.0122,output_step/iterations/axisy_theta180/it248_success
axisy_theta180,249,success,4840.714505,69.5428,68,264,0.0122,output_step/iterations/axisy_theta180/it249_success
axisy_theta180,250,success,4840.714505,69.5428,68,264,0.012,output_step/iterations/axisy_theta180/it250_success
axisy_theta180,251,success,4840.714505,69.5428,68,264,0.012,output_step/iterations/axisy_theta180/it251_success
axisy_theta180,252,success,4840.714505,69.5428,68,264,0.012,output_step/iterations/axisy_theta180/it252_success
axisy_theta180,253,success,4840.714505,69.5428,68,264,0.0123,output_step/iterations/axisy_theta180/it253_success
axisy_theta180,254,success,4840.714505,69.5428,68,264,0.0121,output_step/iterations/axisy_theta180/it254_success
axisy_theta180,255,success,4840.714505,69.5428,68,264,0.0123,output_step/iterations/axisy_theta180/it255_success
axisy_theta180,256,success,4840.714505,69.5428,68,264,0.0122,output_step/iterations/axisy_theta180/it256_success
axisy_theta180,257,success,4840.714505,69.5428,68,264,0.012,output_step/iterations/axisy_theta180/it257_success
axisy_theta180,258,success,4840.714505,69.5428,68,264,0.0122,output_step/iterations/axisy_theta180/it258_success
axisy_theta180,259,success,4840.714505,69.5428,68,264,0.0121,output_step/iterations/axisy_theta180/it259_success
axisy_theta180,260,success,4840.714505,69.5428,68,264,0.0121,output_step/iterations/axisy_theta180/it260_success
axisy_theta180,261,success,4840.714505,69.5428,68,264,0.0121,output_step/iterations/axisy_theta180/it261_success
axisy_theta180,262,success,4840.714505,69.5428,68,264,0.0116,output_step/iterations/axisy_theta180/it262_success
axisy_theta180,263,success,4840.714505,69.5428,68,264,0.0121,output_step/iterations/axisy_theta180/it263_success
axisy_theta180,264,success,4840.714505,69.5428,68,264,0.0121,output_step/iterations/axisy_theta180/it264_success
axisy_theta180,265,success,4840.714505,69.5428,68,264,0.0121,output_step/iterations/axisy_theta180/it265_success
axisy_theta180,266,success,4840.714505,69.5428,68,264,0.012,output_step/iterations/axisy_theta180/it266_success
axisy_theta180,267,success,4840.714505,69.5428,68,264,0.0122,output_step/iterations/axisy_theta180/it267_success
axisy_theta180,268,success,4840.714505,69.5428,68,264,0.012,output_step/iterations/axisy_theta180/it268_success
axisy_theta180,269,success,4840.714505,69.5428,68,264,0.012,output_step/iterations/axisy_theta180/it269_success
axisy_theta180,270,success,4840.714505,69.5428,68,264,0.0121,output_step/iterations/axisy_theta180/it270_success
axisy_theta180,271,success,4840.714505,69.5428,68,264,0.0121,output_step/iterations/axisy_theta180/it271_success
axisy_theta180,272,success,4840.714505,69.5428,68,264,0.0118,output_step/iterations/axisy_theta180/it272_success
axisy_theta180,273,success,4840.714505,69.5428,68,264,0.0123,output_step/iterations/axisy_theta180/it273_success
axisy_theta180,274,success,4840.714505,69.5428,68,264,0.0122,output_step/iterations/axisy_theta180/it274_success
axisy_theta180,275,success,4840.714505,69.5428,68,264,0.012,output_step/iterations/axisy_theta180/it275_success
axisy_theta180,276,success,4840.714505,69.5428,68,264,0.0118,output_step/iterations/axisy_theta180/it276_success
axisy_theta180,277,success,4840.714505,69.5428,68,264,0.012,output_step/iterations/axisy_theta180/it277_success
axisy_theta180,278,success,4840.714505,69.5428,68,264,0.0123,output_step/iterations/axisy_theta180/it278_success
axisy_theta180,279,success,4840.714505,69.5428,68,264,0.0122,output_step/iterations/axisy_theta180/it279_success
axisy_theta180,280,success,4840.714505,69.5428,68,264,0.0122,output_step/iterations/axisy_theta180/it280_success
axisy_theta180,281,success,4840.714505,69.5428,68,264,0.012,output_step/iterations/axisy_theta180/it281_success
axisy_theta180,282,success,4840.714505,69.5428,68,264,0.0122,output_step/iterations/axisy_theta180/it282_success
axisy_theta180,283,success,4840.714505,69.5428,68,264,0.012,output_step/iterations/axisy_theta180/it283_success
axisy_theta180,284,success,4840.714505,69.5428,68,264,0.0121,output_step/iterations/axisy_theta180/it284_success
axisy_theta180,285,success,4840.714505,69.5428,68,264,0.012,output_step/iterations/axisy_theta180/it285_success
axisy_theta180,286,success,4840.714505,69.5428,68,264,0.0123,output_step/iterations/axisy_theta180/it286_success
axisy_theta180,287,success,4840.714505,69.5428,68,264,0.0121,output_step/iterations/axisy_theta180/it287_success
axisy_theta180,288,success,4840.714505,69.5428,68,264,0.0119,output_step/iterations/axisy_theta180/it288_success
axisy_theta180,289,success,4840.714505,69.5428,68,264,0.0123,output_step/iterations/axisy_theta180/it289_success
axisy_theta180,290,success,4840.714505,69.5428,68,264,0.0121,output_step/iterations/axisy_theta180/it290_success
axisy_theta180,291,success,4840.714505,69.5428,68,264,0.0121,output_step/iterations/axisy_theta180/it291_success
axisy_theta180,292,success,4840.714505,69.5428,68,264,0.012,output_step/iterations/axisy_theta180/it292_success
axisy_theta180,293,success,4840.714505,69.5428,68,264,0.012,output_step/iterations/axisy_theta180/it293_success
axisy_theta180,294,success,4840.714505,69.5428,68,264,0.0123,output_step/iterations/axisy_theta180/it294_success
axisy_theta180,295,success,4840.714505,69.5428,68,264,0.0123,output_step/iterations/axisy_theta180/it295_success
axisy_theta180,296,success,4840.714505,69.5428,68,264,0.0122,output_step/iterations/axisy_theta180/it296_success
axisy_theta180,297,success,4840.714505,69.5428,68,264,0.0122,output_step/iterations/axisy_theta180/it297_success
axisy_theta180,298,success,4840.714505,69.5428,68,264,0.012,output_step/iterations/axisy_theta180/it298_success
axisy_theta180,299,success,4840.714505,69.5428,68,264,0.012,output_step/iterations/axisy_theta180/it299_success
axisy_theta180,300,success,4840.714505,69.5428,68,264,0.0121,output_step/iterations/axisy_theta180/it300_success
axisy_theta180,301,success,4840.714505,69.5428,68,264,0.0127,output_step/iterations/axisy_theta180/it301_success
axisy_theta180,302,success,4840.714505,69.5428,68,264,0.0121,output_step/iterations/axisy_theta180/it302_success
axisy_theta180,303,success,4840.714505,69.5428,68,264,0.0122,output_step/iterations/axisy_theta180/it303_success
axisy_theta180,304,success,4840.714505,69.5428,68,264,0.0122,output_step/iterations/axisy_theta180/it304_success
axisy_theta180,305,success,4840.714505,69.5428,68,264,0.0122,output_step/iterations/axisy_theta180/it305_success
axisy_theta180,306,success,4840.714505,69.5428,68,264,0.0121,output_step/iterations/axisy_theta180/it306_success
axisy_theta180,307,success,4840.714505,69.5428,68,264,0.0121,output_step/iterations/axisy_theta180/it307_success
axisy_theta180,308,success,4840.714505,69.5428,68,264,0.0121,output_step/iterations/axisy_theta180/it308_success
axisy_theta180,309,success,4840.714505,69.5428,68,264,0.0123,output_step/iterations/axisy_theta180/it309_success
axisy_theta180,310,success,4840.714505,69.5428,68,264,0.0121,output_step/iterations/axisy_theta180/it310_success
axisy_theta180,311,success,4840.714505,69.5428,68,264,0.0122,output_step/iterations/axisy_theta180/it311_success
axisy_theta180,312,success,4840.714505,69.5428,68,264,0.0118,output_step/iterations/axisy_theta180/it312_success
axisy_theta180,313,success,4840.714505,69.5428,68,264,0.0122,output_step/iterations/axisy_theta180/it313_success
axisy_theta180,314,success,4840.714505,69.5428,68,264,0.0121,output_step/iterations/axisy_theta180/it314_success
axisy_theta180,315,success,4840.714505,69.5428,68,264,0.0123,output_step/iterations/axisy_theta180/it315_success
axisy_theta180,316,success,4840.714505,69.5428,68,264,0.014,output_step/iterations/axisy_theta180/it316_success
axisy_theta180,317,success,4840.714505,69.5428,68,264,0.0121,output_step/iterations/axisy_theta180/it317_success
axisy_theta180,318,success,4840.714505,69.5428,68,264,0.0122,output_step/iterations/axisy_theta180/it318_success
axisy_theta180,319,success,4840.714505,69.5428,68,264,0.0121,output_step/iterations/axisy_theta180/it319_success
axisy_theta180,320,success,4840.714505,69.5428,68,264,0.0121,output_step/iterations/axisy_theta180/it320_success
axisy_theta180,321,success,4840.714505,69.5428,68,264,0.0118,output_step/iterations/axisy_theta180/it321_success
axisy_theta180,322,success,4840.714505,69.5428,68,264,0.012,output_step/iterations/axisy_theta180/it322_success
axisy_theta180,323,success,4840.714505,69.5428,68,264,0.012,output_step/iterations/axisy_theta180/it323_success
axisy_theta180,324,success,4840.714505,69.5428,68,264,0.0123,output_step/iterations/axisy_theta180/it324_success
axisy_theta180,325,success,4840.714505,69.5428,68,264,0.0122,output_step/iterations/axisy_theta180/it325_success
axisy_theta180,326,success,4840.714505,69.5428,68,264,0.0124,output_step/iterations/axisy_theta180/it326_success
axisy_theta180,327,success,4840.714505,69.5428,68,264,0.012,output_step/iterations/axisy_theta180/it327_success
axisy_theta180,328,success,4840.714505,69.5428,68,264,0.0123,output_step/iterations/axisy_theta180/it328_success
axisy_theta180,329,success,4840.714505,69.5428,68,264,0.0119,output_step/iterations/axisy_theta180/it329_success
axisy_theta180,330,success,4840.714505,69.5428,68,264,0.0121,output_step/iterations/axisy_theta180/it330_success
axisy_theta180,331,success,4840.714505,69.5428,68,264,0.0119,output_step/iterations/axisy_theta180/it331_success
axisy_theta180,332,success,4840.714505,69.5428,68,264,0.0122,output_step/iterations/axisy_theta180/it332_success
axisy_theta180,333,success,4840.714505,69.5428,68,264,0.012,output_step/iterations/axisy_theta180/it333_success
axisy_theta180,334,success,4840.714505,69.5428,68,264,0.012,output_step/iterations/axisy_theta180/it334_success
axisy_theta180,335,success,4840.714505,69.5428,68,264,0.0121,output_step/iterations/axisy_theta180/it335_success
axisy_theta180,336,success,4840.714505,69.5428,68,264,0.0121,output_step/iterations/axisy_theta180/it336_success
axisy_theta180,337,success,4840.714505,69.5428,68,264,0.012,output_step/iterations/axisy_theta180/it337_success
axisy_theta180,338,success,4840.714505,69.5428,68,264,0.0138,output_step/iterations/axisy_theta180/it338_success
axisy_theta180,339,success,4840.714505,69.5428,68,264,0.0124,output_step/iterations/axisy_theta180/it339_success
axisy_theta180,340,success,4840.714505,69.5428,68,264,0.0127,output_step/iterations/axisy_theta180/it340_success
axisy_theta180,341,success,4840.714505,69.5428,68,264,0.0119,output_step/iterations/axisy_theta180/it341_success
axisy_theta180,342,success,4840.714505,69.5428,68,264,0.0121,output_step/iterations/axisy_theta180/it342_success
axisy_theta180,343,success,4840.714505,69.5428,68,264,0.0121,output_step/iterations/axisy_theta180/it343_success
axisy_theta180,344,success,4840.714505,69.5428,68,264,0.012,output_step/iterations/axisy_theta180/it344_success
axisy_theta180,345,success,4840.714505,69.5428,68,264,0.0122,output_step/iterations/axisy_theta180/it345_success
axisy_theta180,346,success,4840.714505,69.5428,68,264,0.0121,output_step/iterations/axisy_theta180/it346_success
axisy_theta180,347,success,4840.714505,69.5428,68,264,0.012,output_step/iterations/axisy_theta180/it347_success
axisy_theta180,348,success,4840.714505,69.5428,68,264,0.0121,output_step/iterations/axisy_theta180/it348_success
axisy_theta180,349,success,4840.714505,69.5428,68,264,0.0121,output_step/iterations/axisy_theta180/it349_success
axisy_theta180,350,success,4840.714505,69.5428,68,264,0.012,output_step/iterations/axisy_theta180/it350_success
axisy_theta180,351,success,4840.714505,69.5428,68,264,0.0118,output_step/iterations/axisy_theta180/it351_success
axisy_theta180,352,success,4840.714505,69.5428,68,264,0.012,output_step/iterations/axisy_theta180/it352_success
axisy_theta180,353,success,4840.714505,69.5428,68,264,0.0121,output_step/iterations/axisy_theta180/it353_success
axisz_theta1,1,failed,0,0,0,0,5.11,output_step/iterations/axisz_theta1/it001_failed
axisz_theta2,1,failed,0,0,0,0,5.2,output_step/iterations/axisz_theta2/it001_failed
axisz_theta5,1,failed,0,0,0,0,4.01,output_step/iterations/axisz_theta5/it001_failed
axisz_theta15,1,success,1697.485233,24.3864,128,642,0.0212,output_step/iterations/axisz_theta15/it001_success
axisz_theta15,2,success,5.434563446e-07,7.80741e-09,2,12,0.00454,output_step/iterations/axisz_theta15/it002_success
axisz_theta45,1,success,1197.360928,17.2015,101,470,0.0485,output_step/iterations/axisz_theta45/it001_success
axisz_theta45,2,success,388.4331246,5.58031,62,288,0.0354,output_step/iterations/axisz_theta45/it002_success
axisz_theta45,3,success,362.8524469,5.21282,55,254,0.0251,output_step/iterations/axisz_theta45/it003_success
axisz_theta45,4,success,362.6322983,5.20965,41,194,0.0166,output_step/iterations/axisz_theta45/it004_success
axisz_theta45,5,success,362.3942393,5.20623,26,128,0.0074,output_step/iterations/axisz_theta45/it005_success
axisz_theta45,6,success,362.3942393,5.20623,26,128,0.00686,output_step/iterations/axisz_theta45/it006_success
axisz_theta45,7,success,362.3942393,5.20623,26,128,0.00677,output_step/iterations/axisz_theta45/it007_success
axisz_theta45,8,success,362.3942393,5.20623,26,128,0.00686,output_step/iterations/axisz_theta45/it008_success
axisz_theta45,9,success,362.3942393,5.20623,26,128,0.00675,output_step/iterations/axisz_theta45/it009_success
axisz_theta45,10,success,362.3942393,5.20623,26,128,0.00688,output_step/iterations/axisz_theta45/it010_success
axisz_theta45,11,success,362.3942393,5.20623,26,128,0.00667,output_step/iterations/axisz_theta45/it011_success
axisz_theta45,12,success,362.3942393,5.20623,26,128,0.00674,output_step/iterations/axisz_theta45/it012_success
axisz_theta45,13,success,362.3942393,5.20623,26,128,0.0067,output_step/iterations/axisz_theta45/it013_success
axisz_theta45,14,success,362.3942393,5.20623,26,128,0.00692,output_step/iterations/axisz_theta45/it014_success
axisz_theta45,15,success,362.3942393,5.20623,26,128,0.00683,output_step/iterations/axisz_theta45/it015_success
axisz_theta45,16,success,362.3942393,5.20623,26,128,0.00681,output_step/iterations/axisz_theta45/it016_success
axisz_theta45,17,success,362.3942393,5.20623,26,128,0.00671,output_step/iterations/axisz_theta45/it017_success
axisz_theta45,18,success,362.3942393,5.20623,26,128,0.00679,output_step/iterations/axisz_theta45/it018_success
axisz_theta45,19,success,362.3942393,5.20623,26,128,0.00685,output_step/iterations/axisz_theta45/it019_success
axisz_theta45,20,success,362.3942393,5.20623,26,128,0.00682,output_step/iterations/axisz_theta45/it020_success
axisz_theta45,21,success,362.3942393,5.20623,26,128,0.00683,output_step/iterations/axisz_theta45/it021_success
axisz_theta45,22,success,362.3942393,5.20623,26,128,0.00666,output_step/iterations/axisz_theta45/it022_success
axisz_theta45,23,success,362.3942393,5.20623,26,128,0.00684,output_step/iterations/axisz_theta45/it023_success
axisz_theta45,24,success,362.3942393,5.20623,26,128,0.00684,output_step/iterations/axisz_theta45/it024_success
axisz_theta45,25,success,362.3942392,5.20623,26,128,0.00672,output_step/iterations/axisz_theta45/it025_success
axisz_theta45,26,success,362.3942392,5.20623,26,128,0.00711,output_step/iterations/axisz_theta45/it026_success
axisz_theta45,27,success,362.3942392,5.20623,26,128,0.00684,output_step/iterations/axisz_theta45/it027_success
axisz_theta45,28,success,362.3942392,5.20623,26,128,0.00684,output_step/iterations/axisz_theta45/it028_success
axisz_theta45,29,success,362.3942392,5.20623,26,128,0.00673,output_step/iterations/axisz_theta45/it029_success
axisz_theta45,30,success,362.3942392,5.20623,26,128,0.00671,output_step/iterations/axisz_theta45/it030_success
axisz_theta45,31,success,362.3942392,5.20623,26,128,0.00683,output_step/iterations/axisz_theta45/it031_success
axisz_theta45,32,success,362.3942392,5.20623,26,128,0.00673,output_step/iterations/axisz_theta45/it032_success
axisz_theta45,33,success,362.3942392,5.20623,26,128,0.00684,output_step/iterations/axisz_theta45/it033_success
axisz_theta45,34,success,362.3942392,5.20623,26,128,0.00666,output_step/iterations/axisz_theta45/it034_success
axisz_theta45,35,success,362.3942392,5.20623,26,128,0.00672,output_step/iterations/axisz_theta45/it035_success
axisz_theta45,36,success,362.3942392,5.20623,26,128,0.00674,output_step/iterations/axisz_theta45/it036_success
axisz_theta45,37,success,362.3942392,5.20623,26,128,0.00684,output_step/iterations/axisz_theta45/it037_success
axisz_theta45,38,success,362.3942392,5.20623,26,128,0.0068,output_step/iterations/axisz_theta45/it038_success
axisz_theta45,39,success,362.3942392,5.20623,26,128,0.00683,output_step/iterations/axisz_theta45/it039_success
axisz_theta45,40,success,362.3942392,5.20623,26,128,0.00673,output_step/iterations/axisz_theta45/it040_success
axisz_theta45,41,success,362.3942392,5.20623,26,128,0.0069,output_step/iterations/axisz_theta45/it041_success
axisz_theta45,42,success,362.3942392,5.20623,26,128,0.0067,output_step/iterations/axisz_theta45/it042_success
axisz_theta45,43,success,362.3942392,5.20623,26,128,0.0067,output_step/iterations/axisz_theta45/it043_success
axisz_theta45,44,success,362.3942392,5.20623,26,128,0.00686,output_step/iterations/axisz_theta45/it044_success
axisz_theta45,45,success,362.3942392,5.20623,26,128,0.00688,output_step/iterations/axisz_theta45/it045_success
axisz_theta45,46,success,362.3942392,5.20623,26,128,0.00681,output_step/iterations/axisz_theta45/it046_success
axisz_theta45,47,success,362.3942392,5.20623,26,128,0.00674,output_step/iterations/axisz_theta45/it047_success
axisz_theta45,48,success,362.3942392,5.20623,26,128,0.00681,output_step/iterations/axisz_theta45/it048_success
axisz_theta45,49,success,362.3942392,5.20623,26,128,0.00689,output_step/iterations/axisz_theta45/it049_success
axisz_theta45,50,success,362.3942392,5.20623,26,128,0.00668,output_step/iterations/axisz_theta45/it050_success
axisz_theta45,51,success,362.3942392,5.20623,26,128,0.00748,output_step/iterations/axisz_theta45/it051_success
axisz_theta45,52,success,362.3942392,5.20623,26,128,0.00697,output_step/iterations/axisz_theta45/it052_success
axisz_theta45,53,success,362.3942392,5.20623,26,128,0.00673,output_step/iterations/axisz_theta45/it053_success
axisz_theta45,54,success,362.3942392,5.20623,26,128,0.00685,output_step/iterations/axisz_theta45/it054_success
axisz_theta45,55,success,362.3942392,5.20623,26,128,0.00684,output_step/iterations/axisz_theta45/it055_success
axisz_theta45,56,success,362.3942392,5.20623,26,128,0.00689,output_step/iterations/axisz_theta45/it056_success
axisz_theta45,57,success,362.3942392,5.20623,26,128,0.00668,output_step/iterations/axisz_theta45/it057_success
axisz_theta45,58,success,362.3942392,5.20623,26,128,0.00675,output_step/iterations/axisz_theta45/it058_success
axisz_theta45,59,success,362.3942392,5.20623,26,128,0.00679,output_step/iterations/axisz_theta45/it059_success
axisz_theta45,60,success,362.3942392,5.20623,26,128,0.00684,output_step/iterations/axisz_theta45/it060_success
axisz_theta45,61,success,362.3942392,5.20623,26,128,0.00671,output_step/iterations/axisz_theta45/it061_success
axisz_theta45,62,success,362.3942392,5.20623,26,128,0.00675,output_step/iterations/axisz_theta45/it062_success
axisz_theta45,63,success,362.3942392,5.20623,26,128,0.00693,output_step/iterations/axisz_theta45/it063_success
axisz_theta45,64,success,362.3942392,5.20623,26,128,0.0068,output_step/iterations/axisz_theta45/it064_success
axisz_theta45,65,success,362.3942392,5.20623,26,128,0.0068,output_step/iterations/axisz_theta45/it065_success
axisz_theta45,66,success,362.3942392,5.20623,26,128,0.00672,output_step/iterations/axisz_theta45/it066_success
axisz_theta45,67,success,362.3942392,5.20623,26,128,0.00686,output_step/iterations/axisz_theta45/it067_success
axisz_theta45,68,success,362.3942392,5.20623,26,128,0.00682,output_step/iterations/axisz_theta45/it068_success
axisz_theta45,69,success,362.3942392,5.20623,26,128,0.00688,output_step/iterations/axisz_theta45/it069_success
axisz_theta45,70,success,362.3942392,5.20623,26,128,0.00682,output_step/iterations/axisz_theta45/it070_success
axisz_theta45,71,success,362.3942392,5.20623,26,128,0.0068,output_step/iterations/axisz_theta45/it071_success
axisz_theta45,72,success,362.3942392,5.20623,26,128,0.00667,output_step/iterations/axisz_theta45/it072_success
axisz_theta45,73,success,362.3942392,5.20623,26,128,0.0067,output_step/iterations/axisz_theta45/it073_success
axisz_theta45,74,success,362.3942392,5.20623,26,128,0.00679,output_step/iterations/axisz_theta45/it074_success
axisz_theta45,75,success,362.3942392,5.20623,26,128,0.00688,output_step/iterations/axisz_theta45/it075_success
axisz_theta45,76,success,362.3942392,5.20623,26,128,0.00681,output_step/iterations/axisz_theta45/it076_success
axisz_theta45,77,success,362.3942392,5.20623,26,128,0.0068,output_step/iterations/axisz_theta45/it077_success
axisz_theta45,78,success,362.3942392,5.20623,26,128,0.0068,output_step/iterations/axisz_theta45/it078_success
axisz_theta45,79,success,362.3942392,5.20623,26,128,0.00683,output_step/iterations/axisz_theta45/it079_success
axisz_theta45,80,success,362.3942392,5.20623,26,128,0.00687,output_step/iterations/axisz_theta45/it080_success
axisz_theta45,81,success,362.3942392,5.20623,26,128,0.00685,output_step/iterations/axisz_theta45/it081_success
axisz_theta45,82,success,362.3942392,5.20623,26,128,0.00675,output_step/iterations/axisz_theta45/it082_success
axisz_theta45,83,success,362.3942392,5.20623,26,128,0.0069,output_step/iterations/axisz_theta45/it083_success
axisz_theta45,84,success,362.3942392,5.20623,26,128,0.00677,output_step/iterations/axisz_theta45/it084_success
axisz_theta45,85,success,362.3942392,5.20623,26,128,0.00682,output_step/iterations/axisz_theta45/it085_success
axisz_theta45,86,success,362.3942392,5.20623,26,128,0.00682,output_step/iterations/axisz_theta45/it086_success
axisz_theta45,87,success,362.3942392,5.20623,26,128,0.00672,output_step/iterations/axisz_theta45/it087_success
axisz_theta45,88,success,362.3942392,5.20623,26,128,0.00683,output_step/iterations/axisz_theta45/it088_success
axisz_theta45,89,success,362.3942392,5.20623,26,128,0.0068,output_step/iterations/axisz_theta45/it089_success
axisz_theta45,90,success,362.3942392,5.20623,26,128,0.00685,output_step/iterations/axisz_theta45/it090_success
axisz_theta45,91,success,362.3942392,5.20623,26,128,0.00673,output_step/iterations/axisz_theta45/it091_success
axisz_theta45,92,success,362.3942392,5.20623,26,128,0.0068,output_step/iterations/axisz_theta45/it092_success
axisz_theta45,93,success,362.3942392,5.20623,26,128,0.00681,output_step/iterations/axisz_theta45/it093_success
axisz_theta45,94,success,362.3942392,5.20623,26,128,0.00681,output_step/iterations/axisz_theta45/it094_success
axisz_theta45,95,success,362.3942392,5.20623,26,128,0.00686,output_step/iterations/axisz_theta45/it095_success
axisz_theta45,96,success,362.3942392,5.20623,26,128,0.00643,output_step/iterations/axisz_theta45/it096_success
axisz_theta45,97,success,362.3942392,5.20623,26,128,0.00672,output_step/iterations/axisz_theta45/it097_success
axisz_theta45,98,success,362.3942392,5.20623,26,128,0.00691,output_step/iterations/axisz_theta45/it098_success
axisz_theta45,99,success,362.3942392,5.20623,26,128,0.00682,output_step/iterations/axisz_theta45/it099_success
axisz_theta45,100,success,362.3942392,5.20623,26,128,0.0068,output_step/iterations/axisz_theta45/it100_success
axisz_theta45,101,success,362.3942392,5.20623,26,128,0.00682,output_step/iterations/axisz_theta45/it101_success
axisz_theta45,102,success,362.3942392,5.20623,26,128,0.00675,output_step/iterations/axisz_theta45/it102_success
axisz_theta45,103,success,362.3942392,5.20623,26,128,0.00686,output_step/iterations/axisz_theta45/it103_success
axisz_theta45,104,success,362.3942392,5.20623,26,128,0.00688,output_step/iterations/axisz_theta45/it104_success
axisz_theta45,105,success,362.3942392,5.20623,26,128,0.00674,output_step/iterations/axisz_theta45/it105_success
axisz_theta45,106,success,362.3942392,5.20623,26,128,0.00673,output_step/iterations/axisz_theta45/it106_success
axisz_theta45,107,success,362.3942392,5.20623,26,128,0.00686,output_step/iterations/axisz_theta45/it107_success
axisz_theta45,108,success,362.3942392,5.20623,26,128,0.00686,output_step/iterations/axisz_theta45/it108_success
axisz_theta45,109,success,362.3942392,5.20623,26,128,0.00676,output_step/iterations/axisz_theta45/it109_success
axisz_theta45,110,success,362.3942392,5.20623,26,128,0.00679,output_step/iterations/axisz_theta45/it110_success
axisz_theta45,111,success,362.3942392,5.20623,26,128,0.00691,output_step/iterations/axisz_theta45/it111_success
axisz_theta45,112,success,362.3942392,5.20623,26,128,0.00676,output_step/iterations/axisz_theta45/it112_success
axisz_theta45,113,success,362.3942392,5.20623,26,128,0.0067,output_step/iterations/axisz_theta45/it113_success
axisz_theta45,114,success,362.3942392,5.20623,26,128,0.00674,output_step/iterations/axisz_theta45/it114_success
axisz_theta45,115,success,362.3942392,5.20623,26,128,0.00674,output_step/iterations/axisz_theta45/it115_success
axisz_theta45,116,success,362.3942392,5.20623,26,128,0.0068,output_step/iterations/axisz_theta45/it116_success
axisz_theta45,117,success,362.3942392,5.20623,26,128,0.00675,output_step/iterations/axisz_theta45/it117_success
axisz_theta45,118,success,362.3942392,5.20623,26,128,0.00674,output_step/iterations/axisz_theta45/it118_success
axisz_theta45,119,success,362.3942392,5.20623,26,128,0.00694,output_step/iterations/axisz_theta45/it119_success
axisz_theta45,120,success,362.3942392,5.20623,26,128,0.00684,output_step/iterations/axisz_theta45/it120_success
axisz_theta45,121,success,362.3942392,5.20623,26,128,0.00673,output_step/iterations/axisz_theta45/it121_success
axisz_theta45,122,success,362.3942392,5.20623,26,128,0.00679,output_step/iterations/axisz_theta45/it122_success
axisz_theta45,123,success,362.3942392,5.20623,26,128,0.00681,output_step/iterations/axisz_theta45/it123_success
axisz_theta45,124,success,362.3942392,5.20623,26,128,0.00653,output_step/iterations/axisz_theta45/it124_success
axisz_theta45,125,success,362.3942392,5.20623,26,128,0.00691,output_step/iterations/axisz_theta45/it125_success
axisz_theta45,126,success,362.3942392,5.20623,26,128,0.00783,output_step/iterations/axisz_theta45/it126_success
axisz_theta45,127,success,362.3942392,5.20623,26,128,0.00676,output_step/iterations/axisz_theta45/it127_success
axisz_theta45,128,success,362.3942392,5.20623,26,128,0.00688,output_step/iterations/axisz_theta45/it128_success
axisz_theta45,129,success,362.3942392,5.20623,26,128,0.00687,output_step/iterations/axisz_theta45/it129_success
axisz_theta45,130,success,362.3942392,5.20623,26,128,0.00674,output_step/iterations/axisz_theta45/it130_success
axisz_theta45,131,success,362.3942392,5.20623,26,128,0.00678,output_step/iterations/axisz_theta45/it131_success
axisz_theta45,132,success,362.3942392,5.20623,26,128,0.00676,output_step/iterations/axisz_theta45/it132_success
axisz_theta45,133,success,362.3942392,5.20623,26,128,0.0068,output_step/iterations/axisz_theta45/it133_success
axisz_theta45,134,success,362.3942392,5.20623,26,128,0.00688,output_step/iterations/axisz_theta45/it134_success
axisz_theta45,135,success,362.3942392,5.20623,26,128,0.00687,output_step/iterations/axisz_theta45/it135_success
axisz_theta45,136,success,362.3942392,5.20623,26,128,0.00679,output_step/iterations/axisz_theta45/it136_success
axisz_theta45,137,success,362.3942392,5.20623,26,128,0.00671,output_step/iterations/axisz_theta45/it137_success
axisz_theta45,138,success,362.3942392,5.20623,26,128,0.00674,output_step/iterations/axisz_theta45/it138_success
axisz_theta45,139,success,362.3942392,5.20623,26,128,0.00676,output_step/iterations/axisz_theta45/it139_success
axisz_theta45,140,success,362.3942392,5.20623,26,128,0.00674,output_step/iterations/axisz_theta45/it140_success
axisz_theta45,141,success,362.3942392,5.20623,26,128,0.0068,output_step/iterations/axisz_theta45/it141_success
axisz_theta45,142,success,362.3942392,5.20623,26,128,0.007,output_step/iterations/axisz_theta45/it142_success
axisz_theta45,143,success,362.3942392,5.20623,26,128,0.0068,output_step/iterations/axisz_theta45/it143_success
axisz_theta45,144,success,362.3942392,5.20623,26,128,0.00678,output_step/iterations/axisz_theta45/it144_success
axisz_theta45,145,success,362.3942392,5.20623,26,128,0.0068,output_step/iterations/axisz_theta45/it145_success
axisz_theta45,146,success,362.3942392,5.20623,26,128,0.00678,output_step/iterations/axisz_theta45/it146_success
axisz_theta45,147,success,362.3942392,5.20623,26,128,0.00673,output_step/iterations/axisz_theta45/it147_success
axisz_theta45,148,success,362.3942392,5.20623,26,128,0.00678,output_step/iterations/axisz_theta45/it148_success
axisz_theta45,149,success,362.3942392,5.20623,26,128,0.00685,output_step/iterations/axisz_theta45/it149_success
axisz_theta45,150,success,362.3942392,5.20623,26,128,0.00673,output_step/iterations/axisz_theta45/it150_success
axisz_theta45,151,success,362.3942392,5.20623,26,128,0.00675,output_step/iterations/axisz_theta45/it151_success
axisz_theta45,152,success,362.3942392,5.20623,26,128,0.00669,output_step/iterations/axisz_theta45/it152_success
axisz_theta45,153,success,362.3942392,5.20623,26,128,0.00692,output_step/iterations/axisz_theta45/it153_success
axisz_theta45,154,success,362.3942392,5.20623,26,128,0.00675,output_step/iterations/axisz_theta45/it154_success
axisz_theta45,155,success,362.3942392,5.20623,26,128,0.00679,output_step/iterations/axisz_theta45/it155_success
axisz_theta45,156,success,362.3942392,5.20623,26,128,0.00677,output_step/iterations/axisz_theta45/it156_success
axisz_theta45,157,success,362.3942392,5.20623,26,128,0.00689,output_step/iterations/axisz_theta45/it157_success
axisz_theta45,158,success,362.3942392,5.20623,26,128,0.00683,output_step/iterations/axisz_theta45/it158_success
axisz_theta45,159,success,362.3942392,5.20623,26,128,0.00683,output_step/iterations/axisz_theta45/it159_success
axisz_theta45,160,success,362.3942392,5.20623,26,128,0.00683,output_step/iterations/axisz_theta45/it160_success
axisz_theta45,161,success,362.3942392,5.20623,26,128,0.00686,output_step/iterations/axisz_theta45/it161_success
axisz_theta45,162,success,362.3942392,5.20623,26,128,0.00676,output_step/iterations/axisz_theta45/it162_success
axisz_theta45,163,success,362.3942392,5.20623,26,128,0.00679,output_step/iterations/axisz_theta45/it163_success
axisz_theta45,164,success,362.3942392,5.20623,26,128,0.00688,output_step/iterations/axisz_theta45/it164_success
axisz_theta45,165,success,362.3942392,5.20623,26,128,0.00693,output_step/iterations/axisz_theta45/it165_success
axisz_theta45,166,success,362.3942392,5.20623,26,128,0.00673,output_step/iterations/axisz_theta45/it166_success
axisz_theta45,167,success,362.3942392,5.20623,26,128,0.00662,output_step/iterations/axisz_theta45/it167_success
axisz_theta45,168,success,362.3942392,5.20623,26,128,0.00685,output_step/iterations/axisz_theta45/it168_success
axisz_theta45,169,success,362.3942392,5.20623,26,128,0.00641,output_step/iterations/axisz_theta45/it169_success
axisz_theta45,170,success,362.3942392,5.20623,26,128,0.00688,output_step/iterations/axisz_theta45/it170_success
axisz_theta45,171,success,362.3942392,5.20623,26,128,0.00685,output_step/iterations/axisz_theta45/it171_success
axisz_theta45,172,success,362.3942392,5.20623,26,128,0.00678,output_step/iterations/axisz_theta45/it172_success
axisz_theta45,173,success,362.3942392,5.20623,26,128,0.00674,output_step/iterations/axisz_theta45/it173_success
axisz_theta45,174,success,362.3942392,5.20623,26,128,0.00684,output_step/iterations/axisz_theta45/it174_success
axisz_theta45,175,success,362.3942392,5.20623,26,128,0.00678,output_step/iterations/axisz_theta45/it175_success
axisz_theta45,176,success,362.3942392,5.20623,26,128,0.00699,output_step/iterations/axisz_theta45/it176_success
axisz_theta45,177,success,362.3942392,5.20623,26,128,0.00699,output_step/iterations/axisz_theta45/it177_success
axisz_theta45,178,success,362.3942392,5.20623,26,128,0.00676,output_step/iterations/axisz_theta45/it178_success
axisz_theta45,179,success,362.3942392,5.20623,26,128,0.00683,output_step/iterations/axisz_theta45/it179_success
axisz_theta45,180,success,362.3942392,5.20623,26,128,0.00688,output_step/iterations/axisz_theta45/it180_success
axisz_theta45,181,success,362.3942392,5.20623,26,128,0.00675,output_step/iterations/axisz_theta45/it181_success
axisz_theta45,182,success,362.3942392,5.20623,26,128,0.00673,output_step/iterations/axisz_theta45/it182_success
axisz_theta45,183,success,362.3942392,5.20623,26,128,0.00671,output_step/iterations/axisz_theta45/it183_success
axisz_theta45,184,success,362.3942392,5.20623,26,128,0.00672,output_step/iterations/axisz_theta45/it184_success
axisz_theta45,185,success,362.3942392,5.20623,26,128,0.00694,output_step/iterations/axisz_theta45/it185_success
axisz_theta45,186,success,362.3942392,5.20623,26,128,0.00687,output_step/iterations/axisz_theta45/it186_success
axisz_theta45,187,success,362.3942392,5.20623,26,128,0.00672,output_step/iterations/axisz_theta45/it187_success
axisz_theta45,188,success,362.3942392,5.20623,26,128,0.00672,output_step/iterations/axisz_theta45/it188_success
axisz_theta45,189,success,362.3942392,5.20623,26,128,0.00687,output_step/iterations/axisz_theta45/it189_success
axisz_theta45,190,success,362.3942392,5.20623,26,128,0.00669,output_step/iterations/axisz_theta45/it190_success
axisz_theta45,191,success,362.3942392,5.20623,26,128,0.00683,output_step/iterations/axisz_theta45/it191_success
axisz_theta45,192,success,362.3942392,5.20623,26,128,0.00682,output_step/iterations/axisz_theta45/it192_success
axisz_theta45,193,success,362.3942392,5.20623,26,128,0.00682,output_step/iterations/axisz_theta45/it193_success
axisz_theta45,194,success,362.3942392,5.20623,26,128,0.00672,output_step/iterations/axisz_theta45/it194_success
axisz_theta45,195,success,362.3942392,5.20623,26,128,0.00668,output_step/iterations/axisz_theta45/it195_success
axisz_theta45,196,success,362.3942392,5.20623,26,128,0.0068,output_step/iterations/axisz_theta45/it196_success
axisz_theta45,197,success,362.3942392,5.20623,26,128,0.00684,output_step/iterations/axisz_theta45/it197_success
axisz_theta45,198,success,362.3942392,5.20623,26,128,0.00662,output_step/iterations/axisz_theta45/it198_success
axisz_theta45,199,success,362.3942392,5.20623,26,128,0.00677,output_step/iterations/axisz_theta45/it199_success
axisz_theta45,200,success,362.3942392,5.20623,26,128,0.00677,output_step/iterations/axisz_theta45/it200_success
axisz_theta45,201,success,362.3942392,5.20623,26,128,0.00678,output_step/iterations/axisz_theta45/it201_success
axisz_theta45,202,success,362.3942392,5.20623,26,128,0.00824,output_step/iterations/axisz_theta45/it202_success
axisz_theta45,203,success,362.3942392,5.20623,26,128,0.00669,output_step/iterations/axisz_theta45/it203_success
axisz_theta45,204,success,362.3942392,5.20623,26,128,0.00691,output_step/iterations/axisz_theta45/it204_success
axisz_theta45,205,success,362.3942392,5.20623,26,128,0.00671,output_step/iterations/axisz_theta45/it205_success
axisz_theta45,206,success,362.3942392,5.20623,26,128,0.00684,output_step/iterations/axisz_theta45/it206_success
axisz_theta45,207,success,362.3942392,5.20623,26,128,0.00678,output_step/iterations/axisz_theta45/it207_success
axisz_theta45,208,success,362.3942392,5.20623,26,128,0.00693,output_step/iterations/axisz_theta45/it208_success
axisz_theta45,209,success,362.3942392,5.20623,26,128,0.00701,output_step/iterations/axisz_theta45/it209_success
axisz_theta45,210,success,362.3942392,5.20623,26,128,0.00701,output_step/iterations/axisz_theta45/it210_success
axisz_theta45,211,success,362.3942392,5.20623,26,128,0.00672,output_step/iterations/axisz_theta45/it211_success
axisz_theta45,212,success,362.3942392,5.20623,26,128,0.00686,output_step/iterations/axisz_theta45/it212_success
axisz_theta45,213,success,362.3942392,5.20623,26,128,0.00669,output_step/iterations/axisz_theta45/it213_success
axisz_theta45,214,success,362.3942392,5.20623,26,128,0.00671,output_step/iterations/axisz_theta45/it214_success
axisz_theta45,215,success,362.3942392,5.20623,26,128,0.00691,output_step/iterations/axisz_theta45/it215_success
axisz_theta45,216,success,362.3942392,5.20623,26,128,0.00666,output_step/iterations/axisz_theta45/it216_success
axisz_theta45,217,success,362.3942392,5.20623,26,128,0.0069,output_step/iterations/axisz_theta45/it217_success
axisz_theta45,218,success,362.3942392,5.20623,26,128,0.00693,output_step/iterations/axisz_theta45/it218_success
axisz_theta45,219,success,362.3942392,5.20623,26,128,0.00677,output_step/iterations/axisz_theta45/it219_success
axisz_theta45,220,success,362.3942392,5.20623,26,128,0.00691,output_step/iterations/axisz_theta45/it220_success
axisz_theta45,221,success,362.3942392,5.20623,26,128,0.00679,output_step/iterations/axisz_theta45/it221_success
axisz_theta45,222,success,362.3942392,5.20623,26,128,0.00671,output_step/iterations/axisz_theta45/it222_success
axisz_theta45,223,success,362.3942392,5.20623,26,128,0.00688,output_step/iterations/axisz_theta45/it223_success
axisz_theta45,224,success,362.3942392,5.20623,26,128,0.00673,output_step/iterations/axisz_theta45/it224_success
axisz_theta45,225,success,362.3942392,5.20623,26,128,0.0067,output_step/iterations/axisz_theta45/it225_success
axisz_theta45,226,success,362.3942392,5.20623,26,128,0.00676,output_step/iterations/axisz_theta45/it226_success
axisz_theta45,227,success,362.3942392,5.20623,26,128,0.00685,output_step/iterations/axisz_theta45/it227_success
axisz_theta45,228,success,362.3942392,5.20623,26,128,0.0069,output_step/iterations/axisz_theta45/it228_success
axisz_theta45,229,success,362.3942392,5.20623,26,128,0.00676,output_step/iterations/axisz_theta45/it229_success
axisz_theta45,230,success,362.3942392,5.20623,26,128,0.00694,output_step/iterations/axisz_theta45/it230_success
axisz_theta45,231,success,362.3942392,5.20623,26,128,0.00895,output_step/iterations/axisz_theta45/it231_success
axisz_theta45,232,success,362.3942392,5.20623,26,128,0.00717,output_step/iterations/axisz_theta45/it232_success
axisz_theta45,233,success,362.3942392,5.20623,26,128,0.00671,output_step/iterations/axisz_theta45/it233_success
axisz_theta45,234,success,362.3942392,5.20623,26,128,0.00679,output_step/iterations/axisz_theta45/it234_success
axisz_theta45,235,success,362.3942392,5.20623,26,128,0.00669,output_step/iterations/axisz_theta45/it235_success
axisz_theta45,236,success,362.3942392,5.20623,26,128,0.0067,output_step/iterations/axisz_theta45/it236_success
axisz_theta45,237,success,362.3942392,5.20623,26,128,0.0069,output_step/iterations/axisz_theta45/it237_success
axisz_theta45,238,success,362.3942392,5.20623,26,128,0.00683,output_step/iterations/axisz_theta45/it238_success
axisz_theta45,239,success,362.3942392,5.20623,26,128,0.00688,output_step/iterations/axisz_theta45/it239_success
axisz_theta45,240,success,362.3942392,5.20623,26,128,0.0066,output_step/iterations/axisz_theta45/it240_success
axisz_theta45,241,success,362.3942392,5.20623,26,128,0.00681,output_step/iterations/axisz_theta45/it241_success
axisz_theta45,242,success,362.3942392,5.20623,26,128,0.00677,output_step/iterations/axisz_theta45/it242_success
axisz_theta45,243,success,362.3942392,5.20623,26,128,0.00665,output_step/iterations/axisz_theta45/it243_success
axisz_theta45,244,success,362.3942392,5.20623,26,128,0.00668,output_step/iterations/axisz_theta45/it244_success
axisz_theta45,245,success,362.3942392,5.20623,26,128,0.00684,output_step/iterations/axisz_theta45/it245_success
axisz_theta45,246,success,362.3942392,5.20623,26,128,0.00673,output_step/iterations/axisz_theta45/it246_success
axisz_theta45,247,success,362.3942392,5.20623,26,128,0.00683,output_step/iterations/axisz_theta45/it247_success
axisz_theta45,248,success,362.3942392,5.20623,26,128,0.00668,output_step/iterations/axisz_theta45/it248_success
axisz_theta45,249,success,362.3942392,5.20623,26,128,0.00675,output_step/iterations/axisz_theta45/it249_success
axisz_theta45,250,success,362.3942392,5.20623,26,128,0.00693,output_step/iterations/axisz_theta45/it250_success
axisz_theta45,251,success,362.3942392,5.20623,26,128,0.00668,output_step/iterations/axisz_theta45/it251_success
axisz_theta45,252,success,362.3942392,5.20623,26,128,0.00675,output_step/iterations/axisz_theta45/it252_success
axisz_theta45,253,success,362.3942392,5.20623,26,128,0.00678,output_step/iterations/axisz_theta45/it253_success
axisz_theta45,254,success,362.3942392,5.20623,26,128,0.00695,output_step/iterations/axisz_theta45/it254_success
axisz_theta45,255,success,362.3942392,5.20623,26,128,0.00679,output_step/iterations/axisz_theta45/it255_success
axisz_theta45,256,success,362.3942392,5.20623,26,128,0.00675,output_step/iterations/axisz_theta45/it256_success
axisz_theta45,257,success,362.3942392,5.20623,26,128,0.00702,output_step/iterations/axisz_theta45/it257_success
axisz_theta45,258,success,362.3942392,5.20623,26,128,0.00678,output_step/iterations/axisz_theta45/it258_success
axisz_theta45,259,success,362.3942392,5.20623,26,128,0.00685,output_step/iterations/axisz_theta45/it259_success
axisz_theta45,260,success,362.3942392,5.20623,26,128,0.00682,output_step/iterations/axisz_theta45/it260_success
axisz_theta45,261,success,362.3942392,5.20623,26,128,0.00665,output_step/iterations/axisz_theta45/it261_success
axisz_theta45,262,success,362.3942392,5.20623,26,128,0.00673,output_step/iterations/axisz_theta45/it262_success
axisz_theta45,263,success,362.3942392,5.20623,26,128,0.00684,output_step/iterations/axisz_theta45/it263_success
axisz_theta45,264,success,362.3942392,5.20623,26,128,0.00673,output_step/iterations/axisz_theta45/it264_success
axisz_theta45,265,success,362.3942392,5.20623,26,128,0.0068,output_step/iterations/axisz_theta45/it265_success
axisz_theta45,266,success,362.3942392,5.20623,26,128,0.00684,output_step/iterations/axisz_theta45/it266_success
axisz_theta45,267,success,362.3942392,5.20623,26,128,0.00673,output_step/iterations/axisz_theta45/it267_success
axisz_theta45,268,success,362.3942392,5.20623,26,128,0.00678,output_step/iterations/axisz_theta45/it268_success
axisz_theta45,269,success,362.3942392,5.20623,26,128,0.00662,output_step/iterations/axisz_theta45/it269_success
axisz_theta45,270,success,362.3942392,5.20623,26,128,0.00677,output_step/iterations/axisz_theta45/it270_success
axisz_theta45,271,success,362.3942392,5.20623,26,128,0.00674,output_step/iterations/axisz_theta45/it271_success
axisz_theta45,272,success,362.3942392,5.20623,26,128,0.00685,output_step/iterations/axisz_theta45/it272_success
axisz_theta45,273,success,362.3942392,5.20623,26,128,0.00679,output_step/iterations/axisz_theta45/it273_success
axisz_theta45,274,success,362.3942392,5.20623,26,128,0.00674,output_step/iterations/axisz_theta45/it274_success
axisz_theta45,275,success,362.3942392,5.20623,26,128,0.00686,output_step/iterations/axisz_theta45/it275_success
axisz_theta45,276,success,362.3942392,5.20623,26,128,0.00674,output_step/iterations/axisz_theta45/it276_success
axisz_theta45,277,success,362.3942392,5.20623,26,128,0.00689,output_step/iterations/axisz_theta45/it277_success
axisz_theta45,278,success,362.3942392,5.20623,26,128,0.00679,output_step/iterations/axisz_theta45/it278_success
axisz_theta45,279,success,362.3942392,5.20623,26,128,0.00683,output_step/iterations/axisz_theta45/it279_success
axisz_theta45,280,success,362.3942392,5.20623,26,128,0.00675,output_step/iterations/axisz_theta45/it280_success
axisz_theta45,281,success,362.3942392,5.20623,26,128,0.00667,output_step/iterations/axisz_theta45/it281_success
axisz_theta45,282,success,362.3942392,5.20623,26,128,0.0068,output_step/iterations/axisz_theta45/it282_success
axisz_theta45,283,success,362.3942392,5.20623,26,128,0.0069,output_step/iterations/axisz_theta45/it283_success
axisz_theta45,284,success,362.3942392,5.20623,26,128,0.00657,output_step/iterations/axisz_theta45/it284_success
axisz_theta45,285,success,362.3942392,5.20623,26,128,0.00683,output_step/iterations/axisz_theta45/it285_success
axisz_theta45,286,success,362.3942392,5.20623,26,128,0.00672,output_step/iterations/axisz_theta45/it286_success
axisz_theta45,287,success,362.3942392,5.20623,26,128,0.00686,output_step/iterations/axisz_theta45/it287_success
axisz_theta45,288,success,362.3942392,5.20623,26,128,0.00678,output_step/iterations/axisz_theta45/it288_success
axisz_theta45,289,success,362.3942392,5.20623,26,128,0.00684,output_step/iterations/axisz_theta45/it289_success
axisz_theta45,290,success,362.3942392,5.20623,26,128,0.00671,output_step/iterations/axisz_theta45/it290_success
axisz_theta45,291,success,362.3942392,5.20623,26,128,0.00685,output_step/iterations/axisz_theta45/it291_success
axisz_theta45,292,success,362.3942392,5.20623,26,128,0.00675,output_step/iterations/axisz_theta45/it292_success
axisz_theta45,293,success,362.3942392,5.20623,26,128,0.00668,output_step/iterations/axisz_theta45/it293_success
axisz_theta45,294,success,362.3942392,5.20623,26,128,0.00684,output_step/iterations/axisz_theta45/it294_success
axisz_theta45,295,success,362.3942392,5.20623,26,128,0.00669,output_step/iterations/axisz_theta45/it295_success
axisz_theta45,296,success,362.3942392,5.20623,26,128,0.00671,output_step/iterations/axisz_theta45/it296_success
axisz_theta45,297,success,362.3942392,5.20623,26,128,0.00683,output_step/iterations/axisz_theta45/it297_success
axisz_theta45,298,success,362.3942392,5.20623,26,128,0.00679,output_step/iterations/axisz_theta45/it298_success
axisz_theta45,299,success,362.3942392,5.20623,26,128,0.00689,output_step/iterations/axisz_theta45/it299_success
axisz_theta45,300,success,362.3942392,5.20623,26,128,0.00679,output_step/iterations/axisz_theta45/it300_success
axisz_theta45,301,success,362.3942392,5.20623,26,128,0.00687,output_step/iterations/axisz_theta45/it301_success
axisz_theta45,302,success,362.3942392,5.20623,26,128,0.00689,output_step/iterations/axisz_theta45/it302_success
axisz_theta45,303,success,362.3942392,5.20623,26,128,0.00674,output_step/iterations/axisz_theta45/it303_success
axisz_theta45,304,success,362.3942392,5.20623,26,128,0.00679,output_step/iterations/axisz_theta45/it304_success
axisz_theta45,305,success,362.3942392,5.20623,26,128,0.00686,output_step/iterations/axisz_theta45/it305_success
axisz_theta45,306,success,362.3942392,5.20623,26,128,0.0083,output_step/iterations/axisz_theta45/it306_success
axisz_theta45,307,success,362.3942392,5.20623,26,128,0.00698,output_step/iterations/axisz_theta45/it307_success
axisz_theta45,308,success,362.3942392,5.20623,26,128,0.00679,output_step/iterations/axisz_theta45/it308_success
axisz_theta45,309,success,362.3942392,5.20623,26,128,0.00642,output_step/iterations/axisz_theta45/it309_success
axisz_theta45,310,success,362.3942392,5.20623,26,128,0.00674,output_step/iterations/axisz_theta45/it310_success
axisz_theta45,311,success,362.3942392,5.20623,26,128,0.00672,output_step/iterations/axisz_theta45/it311_success
axisz_theta45,312,success,362.3942392,5.20623,26,128,0.00675,output_step/iterations/axisz_theta45/it312_success
axisz_theta45,313,success,362.3942392,5.20623,26,128,0.00683,output_step/iterations/axisz_theta45/it313_success
axisz_theta45,314,success,362.3942392,5.20623,26,128,0.00716,output_step/iterations/axisz_theta45/it314_success
axisz_theta45,315,success,362.3942392,5.20623,26,128,0.00679,output_step/iterations/axisz_theta45/it315_success
axisz_theta45,316,success,362.3942392,5.20623,26,128,0.0067,output_step/iterations/axisz_theta45/it316_success
axisz_theta45,317,success,362.3942392,5.20623,26,128,0.00678,output_step/iterations/axisz_theta45/it317_success
axisz_theta45,318,success,362.3942392,5.20623,26,128,0.00685,output_step/iterations/axisz_theta45/it318_success
axisz_theta45,319,success,362.3942392,5.20623,26,128,0.00684,output_step/iterations/axisz_theta45/it319_success
axisz_theta45,320,success,362.3942392,5.20623,26,128,0.00679,output_step/iterations/axisz_theta45/it320_success
axisz_theta45,321,success,362.3942392,5.20623,26,128,0.00674,output_step/iterations/axisz_theta45/it321_success
axisz_theta45,322,success,362.3942392,5.20623,26,128,0.00676,output_step/iterations/axisz_theta45/it322_success
axisz_theta45,323,success,362.3942392,5.20623,26,128,0.00682,output_step/iterations/axisz_theta45/it323_success
axisz_theta45,324,success,362.3942392,5.20623,26,128,0.00688,output_step/iterations/axisz_theta45/it324_success
axisz_theta45,325,success,362.3942392,5.20623,26,128,0.00668,output_step/iterations/axisz_theta45/it325_success
axisz_theta45,326,success,362.3942392,5.20623,26,128,0.00675,output_step/iterations/axisz_theta45/it326_success
axisz_theta45,327,success,362.3942392,5.20623,26,128,0.00681,output_step/iterations/axisz_theta45/it327_success
axisz_theta45,328,success,362.3942392,5.20623,26,128,0.00685,output_step/iterations/axisz_theta45/it328_success
axisz_theta45,329,success,362.3942392,5.20623,26,128,0.00684,output_step/iterations/axisz_theta45/it329_success
axisz_theta45,330,success,362.3942392,5.20623,26,128,0.00674,output_step/iterations/axisz_theta45/it330_success
axisz_theta45,331,success,362.3942392,5.20623,26,128,0.00675,output_step/iterations/axisz_theta45/it331_success
axisz_theta45,332,success,362.3942392,5.20623,26,128,0.00683,output_step/iterations/axisz_theta45/it332_success
axisz_theta45,333,success,362.3942392,5.20623,26,128,0.00681,output_step/iterations/axisz_theta45/it333_success
axisz_theta45,334,success,362.3942392,5.20623,26,128,0.00647,output_step/iterations/axisz_theta45/it334_success
axisz_theta45,335,success,362.3942392,5.20623,26,128,0.00674,output_step/iterations/axisz_theta45/it335_success
axisz_theta45,336,success,362.3942392,5.20623,26,128,0.00683,output_step/iterations/axisz_theta45/it336_success
axisz_theta45,337,success,362.3942392,5.20623,26,128,0.00681,output_step/iterations/axisz_theta45/it337_success
axisz_theta45,338,success,362.3942392,5.20623,26,128,0.00671,output_step/iterations/axisz_theta45/it338_success
axisz_theta45,339,success,362.3942392,5.20623,26,128,0.00771,output_step/iterations/axisz_theta45/it339_success
axisz_theta45,340,success,362.3942392,5.20623,26,128,0.00687,output_step/iterations/axisz_theta45/it340_success
axisz_theta45,341,success,362.3942392,5.20623,26,128,0.00681,output_step/iterations/axisz_theta45/it341_success
axisz_theta45,342,success,362.3942392,5.20623,26,128,0.00661,output_step/iterations/axisz_theta45/it342_success
axisz_theta45,343,success,362.3942392,5.20623,26,128,0.00674,output_step/iterations/axisz_theta45/it343_success
axisz_theta45,344,success,362.3942392,5.20623,26,128,0.00673,output_step/iterations/axisz_theta45/it344_success
axisz_theta45,345,success,362.3942392,5.20623,26,128,0.00693,output_step/iterations/axisz_theta45/it345_success
axisz_theta45,346,success,362.3942392,5.20623,26,128,0.00675,output_step/iterations/axisz_theta45/it346_success
axisz_theta45,347,success,362.3942392,5.20623,26,128,0.00684,output_step/iterations/axisz_theta45/it347_success
axisz_theta45,348,success,362.3942392,5.20623,26,128,0.00666,output_step/iterations/axisz_theta45/it348_success
axisz_theta45,349,success,362.3942392,5.20623,26,128,0.00666,output_step/iterations/axisz_theta45/it349_success
axisz_theta45,350,success,362.3942392,5.20623,26,128,0.00668,output_step/iterations/axisz_theta45/it350_success
axisz_theta45,351,success,362.3942392,5.20623,26,128,0.00728,output_step/iterations/axisz_theta45/it351_success
axisz_theta45,352,success,362.3942392,5.20623,26,128,0.00699,output_step/iterations/axisz_theta45/it352_success
axisz_theta45,353,success,362.3942392,5.20623,26,128,0.00689,output_step/iterations/axisz_theta45/it353_success
axisz_theta45,354,success,362.3942392,5.20623,26,128,0.00688,output_step/iterations/axisz_theta45/it354_success
axisz_theta45,355,success,362.3942392,5.20623,26,128,0.00686,output_step/iterations/axisz_theta45/it355_success
axisz_theta45,356,success,362.3942392,5.20623,26,128,0.00672,output_step/iterations/axisz_theta45/it356_success
axisz_theta45,357,success,362.3942392,5.20623,26,128,0.00683,output_step/iterations/axisz_theta45/it357_success
axisz_theta45,358,success,362.3942392,5.20623,26,128,0.00683,output_step/iterations/axisz_theta45/it358_success
axisz_theta45,359,success,362.3942392,5.20623,26,128,0.0067,output_step/iterations/axisz_theta45/it359_success
axisz_theta45,360,success,362.3942392,5.20623,26,128,0.00684,output_step/iterations/axisz_theta45/it360_success
axisz_theta45,361,success,362.3942392,5.20623,26,128,0.00671,output_step/iterations/axisz_theta45/it361_success
axisz_theta45,362,success,362.3942392,5.20623,26,128,0.00669,output_step/iterations/axisz_theta45/it362_success
axisz_theta45,363,success,362.3942392,5.20623,26,128,0.00673,output_step/iterations/axisz_theta45/it363_success
axisz_theta45,364,success,362.3942392,5.20623,26,128,0.00685,output_step/iterations/axisz_theta45/it364_success
axisz_theta45,365,success,362.3942392,5.20623,26,128,0.00675,output_step/iterations/axisz_theta45/it365_success
axisz_theta45,366,success,362.3942392,5.20623,26,128,0.00675,output_step/iterations/axisz_theta45/it366_success
axisz_theta45,367,success,362.3942392,5.20623,26,128,0.00686,output_step/iterations/axisz_theta45/it367_success
axisz_theta45,368,success,362.3942392,5.20623,26,128,0.00683,output_step/iterations/axisz_theta45/it368_success
axisz_theta45,369,success,362.3942392,5.20623,26,128,0.00663,output_step/iterations/axisz_theta45/it369_success
axisz_theta45,370,success,362.3942392,5.20623,26,128,0.00685,output_step/iterations/axisz_theta45/it370_success
axisz_theta45,371,success,362.3942392,5.20623,26,128,0.00682,output_step/iterations/axisz_theta45/it371_success
axisz_theta45,372,success,362.3942392,5.20623,26,128,0.00673,output_step/iterations/axisz_theta45/it372_success
axisz_theta45,373,success,362.3942392,5.20623,26,128,0.00696,output_step/iterations/axisz_theta45/it373_success
axisz_theta45,374,success,362.3942392,5.20623,26,128,0.00684,output_step/iterations/axisz_theta45/it374_success
axisz_theta45,375,success,362.3942392,5.20623,26,128,0.00669,output_step/iterations/axisz_theta45/it375_success
axisz_theta45,376,success,362.3942392,5.20623,26,128,0.00676,output_step/iterations/axisz_theta45/it376_success
axisz_theta45,377,success,362.3942392,5.20623,26,128,0.00676,output_step/iterations/axisz_theta45/it377_success
axisz_theta45,378,success,362.3942392,5.20623,26,128,0.00694,output_step/iterations/axisz_theta45/it378_success
axisz_theta45,379,success,362.3942392,5.20623,26,128,0.00679,output_step/iterations/axisz_theta45/it379_success
axisz_theta45,380,success,362.3942392,5.20623,26,128,0.00686,output_step/iterations/axisz_theta45/it380_success
axisz_theta45,381,success,362.3942392,5.20623,26,128,0.00684,output_step/iterations/axisz_theta45/it381_success
axisz_theta45,382,success,362.3942392,5.20623,26,128,0.00687,output_step/iterations/axisz_theta45/it382_success
axisz_theta45,383,success,362.3942392,5.20623,26,128,0.00687,output_step/iterations/axisz_theta45/it383_success
axisz_theta45,384,success,362.3942392,5.20623,26,128,0.00665,output_step/iterations/axisz_theta45/it384_success
axisz_theta45,385,success,362.3942392,5.20623,26,128,0.00676,output_step/iterations/axisz_theta45/it385_success
axisz_theta45,386,success,362.3942392,5.20623,26,128,0.00683,output_step/iterations/axisz_theta45/it386_success
axisz_theta45,387,success,362.3942392,5.20623,26,128,0.00694,output_step/iterations/axisz_theta45/it387_success
axisz_theta45,388,success,362.3942392,5.20623,26,128,0.0067,output_step/iterations/axisz_theta45/it388_success
axisz_theta45,389,success,362.3942392,5.20623,26,128,0.00674,output_step/iterations/axisz_theta45/it389_success
axisz_theta45,390,success,362.3942392,5.20623,26,128,0.00675,output_step/iterations/axisz_theta45/it390_success
axisz_theta45,391,success,362.3942392,5.20623,26,128,0.00691,output_step/iterations/axisz_theta45/it391_success
axisz_theta45,392,success,362.3942392,5.20623,26,128,0.00677,output_step/iterations/axisz_theta45/it392_success
axisz_theta45,393,success,362.3942392,5.20623,26,128,0.00687,output_step/iterations/axisz_theta45/it393_success
axisz_theta45,394,success,362.3942392,5.20623,26,128,0.00676,output_step/iterations/axisz_theta45/it394_success
axisz_theta45,395,success,362.3942392,5.20623,26,128,0.00671,output_step/iterations/axisz_theta45/it395_success
axisz_theta45,396,success,362.3942392,5.20623,26,128,0.00687,output_step/iterations/axisz_theta45/it396_success
axisz_theta45,397,success,362.3942392,5.20623,26,128,0.00679,output_step/iterations/axisz_theta45/it397_success
axisz_theta45,398,success,362.3942392,5.20623,26,128,0.00669,output_step/iterations/axisz_theta45/it398_success
axisz_theta45,399,success,362.3942392,5.20623,26,128,0.00685,output_step/iterations/axisz_theta45/it399_success
axisz_theta45,400,success,362.3942392,5.20623,26,128,0.00674,output_step/iterations/axisz_theta45/it400_success
axisz_theta45,401,success,362.3942392,5.20623,26,128,0.00703,output_step/iterations/axisz_theta45/it401_success
axisz_theta45,402,success,362.3942392,5.20623,26,128,0.00682,output_step/iterations/axisz_theta45/it402_success
axisz_theta45,403,success,362.3942392,5.20623,26,128,0.00687,output_step/iterations/axisz_theta45/it403_success
axisz_theta45,404,success,362.3942392,5.20623,26,128,0.0068,output_step/iterations/axisz_theta45/it404_success
axisz_theta45,405,success,362.3942392,5.20623,26,128,0.00709,output_step/iterations/axisz_theta45/it405_success
axisz_theta45,406,success,362.3942392,5.20623,26,128,0.00666,output_step/iterations/axisz_theta45/it406_success
axisz_theta45,407,success,362.3942392,5.20623,26,128,0.00677,output_step/iterations/axisz_theta45/it407_success
axisz_theta45,408,success,362.3942392,5.20623,26,128,0.00688,output_step/iterations/axisz_theta45/it408_success
axisz_theta45,409,success,362.3942392,5.20623,26,128,0.00692,output_step/iterations/axisz_theta45/it409_success
axisz_theta45,410,success,362.3942392,5.20623,26,128,0.0068,output_step/iterations/axisz_theta45/it410_success
axisz_theta45,411,success,362.3942392,5.20623,26,128,0.00678,output_step/iterations/axisz_theta45/it411_success
axisz_theta45,412,success,362.3942392,5.20623,26,128,0.00686,output_step/iterations/axisz_theta45/it412_success
axisz_theta45,413,success,362.3942392,5.20623,26,128,0.00683,output_step/iterations/axisz_theta45/it413_success
axisz_theta45,414,success,362.3942392,5.20623,26,128,0.00685,output_step/iterations/axisz_theta45/it414_success
axisz_theta45,415,success,362.3942392,5.20623,26,128,0.00678,output_step/iterations/axisz_theta45/it415_success
axisz_theta45,416,success,362.3942392,5.20623,26,128,0.00687,output_step/iterations/axisz_theta45/it416_success
axisz_theta45,417,success,362.3942392,5.20623,26,128,0.00673,output_step/iterations/axisz_theta45/it417_success
axisz_theta45,418,success,362.3942392,5.20623,26,128,0.00674,output_step/iterations/axisz_theta45/it418_success
axisz_theta45,419,success,362.3942392,5.20623,26,128,0.00663,output_step/iterations/axisz_theta45/it419_success
axisz_theta45,420,success,362.3942392,5.20623,26,128,0.00681,output_step/iterations/axisz_theta45/it420_success
axisz_theta45,421,success,362.3942392,5.20623,26,128,0.00685,output_step/iterations/axisz_theta45/it421_success
axisz_theta45,422,success,362.3942392,5.20623,26,128,0.00671,output_step/iterations/axisz_theta45/it422_success
axisz_theta45,423,success,362.3942392,5.20623,26,128,0.00675,output_step/iterations/axisz_theta45/it423_success
axisz_theta45,424,success,362.3942392,5.20623,26,128,0.00673,output_step/iterations/axisz_theta45/it424_success
axisz_theta45,425,success,362.3942392,5.20623,26,128,0.00683,output_step/iterations/axisz_theta45/it425_success
axisz_theta45,426,success,362.3942392,5.20623,26,128,0.00665,output_step/iterations/axisz_theta45/it426_success
axisz_theta45,427,success,362.3942392,5.20623,26,128,0.00665,output_step/iterations/axisz_theta45/it427_success
axisz_theta45,428,success,362.3942392,5.20623,26,128,0.00687,output_step/iterations/axisz_theta45/it428_success
axisz_theta45,429,success,362.3942392,5.20623,26,128,0.00689,output_step/iterations/axisz_theta45/it429_success
axisz_theta45,430,success,362.3942392,5.20623,26,128,0.00678,output_step/iterations/axisz_theta45/it430_success
axisz_theta45,431,success,362.3942392,5.20623,26,128,0.00714,output_step/iterations/axisz_theta45/it431_success
axisz_theta45,432,success,362.3942392,5.20623,26,128,0.00687,output_step/iterations/axisz_theta45/it432_success
axisz_theta45,433,success,362.3942392,5.20623,26,128,0.0068,output_step/iterations/axisz_theta45/it433_success
axisz_theta45,434,success,362.3942392,5.20623,26,128,0.0067,output_step/iterations/axisz_theta45/it434_success
axisz_theta45,435,success,362.3942392,5.20623,26,128,0.00683,output_step/iterations/axisz_theta45/it435_success
axisz_theta45,436,success,362.3942392,5.20623,26,128,0.00701,output_step/iterations/axisz_theta45/it436_success
axisz_theta45,437,success,362.3942392,5.20623,26,128,0.00674,output_step/iterations/axisz_theta45/it437_success
axisz_theta45,438,success,362.3942392,5.20623,26,128,0.00669,output_step/iterations/axisz_theta45/it438_success
axisz_theta45,439,success,362.3942392,5.20623,26,128,0.0067,output_step/iterations/axisz_theta45/it439_success
axisz_theta45,440,success,362.3942392,5.20623,26,128,0.00684,output_step/iterations/axisz_theta45/it440_success
axisz_theta45,441,success,362.3942392,5.20623,26,128,0.00682,output_step/iterations/axisz_theta45/it441_success
axisz_theta45,442,success,362.3942392,5.20623,26,128,0.00675,output_step/iterations/axisz_theta45/it442_success
axisz_theta45,443,success,362.3942392,5.20623,26,128,0.00677,output_step/iterations/axisz_theta45/it443_success
axisz_theta45,444,success,362.3942392,5.20623,26,128,0.00671,output_step/iterations/axisz_theta45/it444_success
axisz_theta45,445,success,362.3942392,5.20623,26,128,0.00677,output_step/iterations/axisz_theta45/it445_success
axisz_theta45,446,success,362.3942392,5.20623,26,128,0.00671,output_step/iterations/axisz_theta45/it446_success
axisz_theta45,447,success,362.3942392,5.20623,26,128,0.0069,output_step/iterations/axisz_theta45/it447_success
axisz_theta45,448,success,362.3942392,5.20623,26,128,0.00666,output_step/iterations/axisz_theta45/it448_success
axisz_theta45,449,success,362.3942392,5.20623,26,128,0.00677,output_step/iterations/axisz_theta45/it449_success
axisz_theta45,450,success,362.3942392,5.20623,26,128,0.00677,output_step/iterations/axisz_theta45/it450_success
axisz_theta45,451,success,362.3942392,5.20623,26,128,0.00668,output_step/iterations/axisz_theta45/it451_success
axisz_theta45,452,success,362.3942392,5.20623,26,128,0.00679,output_step/iterations/axisz_theta45/it452_success
axisz_theta45,453,success,362.3942392,5.20623,26,128,0.00681,output_step/iterations/axisz_theta45/it453_success
axisz_theta45,454,success,362.3942392,5.20623,26,128,0.00681,output_step/iterations/axisz_theta45/it454_success
axisz_theta45,455,success,362.3942392,5.20623,26,128,0.0066,output_step/iterations/axisz_theta45/it455_success
axisz_theta45,456,success,362.3942392,5.20623,26,128,0.00677,output_step/iterations/axisz_theta45/it456_success
axisz_theta45,457,success,362.3942392,5.20623,26,128,0.00671,output_step/iterations/axisz_theta45/it457_success
axisz_theta45,458,success,362.3942392,5.20623,26,128,0.00675,output_step/iterations/axisz_theta45/it458_success
axisz_theta45,459,success,362.3942392,5.20623,26,128,0.00674,output_step/iterations/axisz_theta45/it459_success
axisz_theta45,460,success,362.3942392,5.20623,26,128,0.00682,output_step/iterations/axisz_theta45/it460_success
axisz_theta45,461,success,362.3942392,5.20623,26,128,0.00667,output_step/iterations/axisz_theta45/it461_success
axisz_theta45,462,success,362.3942392,5.20623,26,128,0.00706,output_step/iterations/axisz_theta45/it462_success
axisz_theta45,463,success,362.3942392,5.20623,26,128,0.00664,output_step/iterations/axisz_theta45/it463_success
axisz_theta45,464,success,362.3942392,5.20623,26,128,0.0069,output_step/iterations/axisz_theta45/it464_success
axisz_theta45,465,success,362.3942392,5.20623,26,128,0.00676,output_step/iterations/axisz_theta45/it465_success
axisz_theta45,466,success,362.3942392,5.20623,26,128,0.00669,output_step/iterations/axisz_theta45/it466_success
axisz_theta45,467,success,362.3942392,5.20623,26,128,0.00685,output_step/iterations/axisz_theta45/it467_success
axisz_theta45,468,success,362.3942392,5.20623,26,128,0.0069,output_step/iterations/axisz_theta45/it468_success
axisz_theta45,469,success,362.3942392,5.20623,26,128,0.00677,output_step/iterations/axisz_theta45/it469_success
axisz_theta45,470,success,362.3942392,5.20623,26,128,0.00666,output_step/iterations/axisz_theta45/it470_success
axisz_theta45,471,success,362.3942392,5.20623,26,128,0.00685,output_step/iterations/axisz_theta45/it471_success
axisz_theta45,472,success,362.3942392,5.20623,26,128,0.00668,output_step/iterations/axisz_theta45/it472_success
axisz_theta45,473,success,362.3942392,5.20623,26,128,0.00671,output_step/iterations/axisz_theta45/it473_success
axisz_theta45,474,success,362.3942392,5.20623,26,128,0.00684,output_step/iterations/axisz_theta45/it474_success
axisz_theta45,475,success,362.3942392,5.20623,26,128,0.00677,output_step/iterations/axisz_theta45/it475_success
axisz_theta45,476,success,362.3942392,5.20623,26,128,0.00709,output_step/iterations/axisz_theta45/it476_success
axisz_theta45,477,success,362.3942392,5.20623,26,128,0.00688,output_step/iterations/axisz_theta45/it477_success
axisz_theta45,478,success,362.3942392,5.20623,26,128,0.00672,output_step/iterations/axisz_theta45/it478_success
axisz_theta45,479,success,362.3942392,5.20623,26,128,0.00695,output_step/iterations/axisz_theta45/it479_success
axisz_theta45,480,success,362.3942392,5.20623,26,128,0.00662,output_step/iterations/axisz_theta45/it480_success
axisz_theta45,481,success,362.3942392,5.20623,26,128,0.00694,output_step/iterations/axisz_theta45/it481_success
axisz_theta45,482,success,362.3942392,5.20623,26,128,0.0067,output_step/iterations/axisz_theta45/it482_success
axisz_theta45,483,success,362.3942392,5.20623,26,128,0.00683,output_step/iterations/axisz_theta45/it483_success
axisz_theta45,484,success,362.3942392,5.20623,26,128,0.00676,output_step/iterations/axisz_theta45/it484_success
axisz_theta45,485,success,362.3942392,5.20623,26,128,0.00678,output_step/iterations/axisz_theta45/it485_success
axisz_theta45,486,success,362.3942392,5.20623,26,128,0.00679,output_step/iterations/axisz_theta45/it486_success
axisz_theta45,487,success,362.3942392,5.20623,26,128,0.00689,output_step/iterations/axisz_theta45/it487_success
axisz_theta45,488,success,362.3942392,5.20623,26,128,0.00683,output_step/iterations/axisz_theta45/it488_success
axisz_theta45,489,success,362.3942392,5.20623,26,128,0.00672,output_step/iterations/axisz_theta45/it489_success
axisz_theta45,490,success,362.3942392,5.20623,26,128,0.00692,output_step/iterations/axisz_theta45/it490_success
axisz_theta45,491,success,362.3942392,5.20623,26,128,0.0067,output_step/iterations/axisz_theta45/it491_success
axisz_theta45,492,success,362.3942392,5.20623,26,128,0.00679,output_step/iterations/axisz_theta45/it492_success
axisz_theta45,493,success,362.3942392,5.20623,26,128,0.0068,output_step/iterations/axisz_theta45/it493_success
axisz_theta45,494,success,362.3942392,5.20623,26,128,0.00678,output_step/iterations/axisz_theta45/it494_success
axisz_theta45,495,success,362.3942392,5.20623,26,128,0.00678,output_step/iterations/axisz_theta45/it495_success
axisz_theta45,496,success,362.3942392,5.20623,26,128,0.00668,output_step/iterations/axisz_theta45/it496_success
axisz_theta45,497,success,362.3942392,5.20623,26,128,0.00677,output_step/iterations/axisz_theta45/it497_success
axisz_theta45,498,success,362.3942392,5.20623,26,128,0.00676,output_step/iterations/axisz_theta45/it498_success
axisz_theta45,499,success,362.3942392,5.20623,26,128,0.00682,output_step/iterations/axisz_theta45/it499_success
axisz_theta45,500,success,362.3942392,5.20623,26,128,0.00674,output_step/iterations/axisz_theta45/it500_success
axisz_theta90,1,success,1033.446468,14.8467,99,469,0.0494,output_step/iterations/axisz_theta90/it001_success
axisz_theta90,2,success,312.3342604,4.48706,23,123,0.0186,output_step/iterations/axisz_theta90/it002_success
axisz_theta90,3,success,0.002194955751,3.15332e-05,10,36,0.00675,output_step/iterations/axisz_theta90/it003_success
axisz_theta180,1,success,6945.946699,99.787,95,416,0.0219,output_step/iterations/axisz_theta180/it001_success
axisz_theta180,2,success,6945.945227,99.787,95,416,0.0225,output_step/iterations/axisz_theta180/it002_success
axisz_theta180,3,success,6945.945227,99.787,95,416,0.0222,output_step/iterations/axisz_theta180/it003_success
axisz_theta180,4,success,6945.945227,99.787,95,416,0.0223,output_step/iterations/axisz_theta180/it004_success
axisz_theta180,5,success,6945.945227,99.787,95,416,0.0226,output_step/iterations/axisz_theta180/it005_success
axisz_theta180,6,success,6945.945227,99.787,95,416,0.0222,output_step/iterations/axisz_theta180/it006_success
axisz_theta180,7,success,6945.945227,99.787,95,416,0.0223,output_step/iterations/axisz_theta180/it007_success
axisz_theta180,8,success,6945.945227,99.787,95,416,0.0222,output_step/iterations/axisz_theta180/it008_success
axisz_theta180,9,success,6945.945227,99.787,95,416,0.0225,output_step/iterations/axisz_theta180/it009_success
axisz_theta180,10,success,6945.945227,99.787,95,416,0.0226,output_step/iterations/axisz_theta180/it010_success
axisz_theta180,11,success,6945.945227,99.787,95,416,0.0227,output_step/iterations/axisz_theta180/it011_success
axisz_theta180,12,success,6945.945227,99.787,95,416,0.0227,output_step/iterations/axisz_theta180/it012_success
axisz_theta180,13,success,6945.945227,99.787,95,416,0.0223,output_step/iterations/axisz_theta180/it013_success
axisz_theta180,14,success,6945.945227,99.787,95,416,0.0225,output_step/iterations/axisz_theta180/it014_success
axisz_theta180,15,success,6945.945227,99.787,95,416,0.0224,output_step/iterations/axisz_theta180/it015_success
axisz_theta180,16,success,6945.945227,99.787,95,416,0.0225,output_step/iterations/axisz_theta180/it016_success
axisz_theta180,17,success,6945.945227,99.787,95,416,0.0225,output_step/iterations/axisz_theta180/it017_success
axisz_theta180,18,success,6945.945227,99.787,95,416,0.0227,output_step/iterations/axisz_theta180/it018_success
axisz_theta180,19,success,6945.945227,99.787,95,416,0.0254,output_step/iterations/axisz_theta180/it019_success
axisz_theta180,20,success,6945.945227,99.787,95,416,0.0224,output_step/iterations/axisz_theta180/it020_success
axisz_theta180,21,success,6945.945227,99.787,95,416,0.0224,output_step/iterations/axisz_theta180/it021_success
axisz_theta180,22,success,6945.945227,99.787,95,416,0.0226,output_step/iterations/axisz_theta180/it022_success
axisz_theta180,23,success,6945.945227,99.787,95,416,0.0229,output_step/iterations/axisz_theta180/it023_success
axisz_theta180,24,success,6945.945227,99.787,95,416,0.0229,output_step/iterations/axisz_theta180/it024_success
axisz_theta180,25,success,6945.945227,99.787,95,416,0.0223,output_step/iterations/axisz_theta180/it025_success
axisdiag_theta1,1,failed,0,0,0,0,6.31,output_step/iterations/axisdiag_theta1/it001_failed
axisdiag_theta2,1,success,0.001888292558,2.71276e-05,4,12,0.00511,output_step/iterations/axisdiag_theta2/it001_success
axisdiag_theta5,1,failed,0,0,0,0,6.42,output_step/iterations/axisdiag_theta5/it001_failed
axisdiag_theta15,1,success,265.2680398,3.8109,107,544,0.0298,output_step/iterations/axisdiag_theta15/it001_success
axisdiag_theta15,2,success,22.03913874,0.316619,48,216,0.0147,output_step/iterations/axisdiag_theta15/it002_success
axisdiag_theta15,3,failed,0,0,0,0,6.68,output_step/iterations/axisdiag_theta15/it003_failed
axisdiag_theta45,1,success,106.7100222,1.53302,44,264,0.0132,output_step/iterations/axisdiag_theta45/it001_success
axisdiag_theta45,2,failed,0,0,0,0,1.82,output_step/iterations/axisdiag_theta45/it002_failed
axisdiag_theta90,1,success,110.4442391,1.58667,49,282,0.0127,output_step/iterations/axisdiag_theta90/it001_success
axisdiag_theta90,2,success,1.382909086,0.0198672,38,156,0.0102,output_step/iterations/axisdiag_theta90/it002_success
axisdiag_theta180,1,success,161.5698864,2.32115,86,506,0.0175,output_step/iterations/axisdiag_theta180/it001_success
axisdiag_theta180,2,success,7.773625117,0.111678,74,344,0.0152,output_step/iterations/axisdiag_theta180/it002_success
axisdiag_theta180,3,success,4.014761122,0.0576769,52,256,0.0104,output_step/iterations/axisdiag_theta180/it003_success
